target_condition,enrollment_size,train_conditions,repeat,training_windows,test_windows,accuracy,f1
Native_InEar,1,NonNative_InEar,1,580,580,0.7879310344827586,0.7825868667128758
Native_InEar,1,NonNative_InEar,2,580,580,0.7827586206896552,0.7782450440531885
Native_InEar,1,NonNative_InEar,3,580,580,0.7862068965517242,0.7829547688364311
Native_InEar,1,NonNative_InEar,4,580,580,0.7862068965517242,0.7796799059375674
Native_InEar,1,NonNative_InEar,5,580,580,0.7741379310344828,0.7696328889111117
Native_InEar,1,NonNative_InEar,6,580,580,0.7931034482758621,0.7889719697806851
Native_InEar,1,NonNative_InEar,7,580,580,0.7844827586206896,0.7817900959097069
Native_InEar,1,NonNative_InEar,8,580,580,0.7827586206896552,0.7771459826712179
Native_InEar,1,NonNative_InEar,9,580,580,0.7775862068965518,0.7725509804992641
Native_InEar,1,NonNative_InEar,10,580,580,0.7810344827586206,0.775854630608279
Native_InEar,1,Neutral_InEar,1,580,580,0.7362068965517241,0.7348670952166155
Native_InEar,1,Neutral_InEar,2,580,580,0.743103448275862,0.7416414564713263
Native_InEar,1,Neutral_InEar,3,580,580,0.7517241379310344,0.7476709581318945
Native_InEar,1,Neutral_InEar,4,580,580,0.756896551724138,0.7537652231228461
Native_InEar,1,Neutral_InEar,5,580,580,0.7310344827586207,0.7284280709597467
Native_InEar,1,Neutral_InEar,6,580,580,0.746551724137931,0.7476371111209157
Native_InEar,1,Neutral_InEar,7,580,580,0.7362068965517241,0.7354517740409944
Native_InEar,1,Neutral_InEar,8,580,580,0.7413793103448276,0.7411020455893103
Native_InEar,1,Neutral_InEar,9,580,580,0.7482758620689656,0.7480564698970422
Native_InEar,1,Neutral_InEar,10,580,580,0.746551724137931,0.7433908452676058
Native_InEar,1,Native_Bone,1,580,580,0.6310344827586207,0.6071316590975318
Native_InEar,1,Native_Bone,2,580,580,0.6413793103448275,0.6137491977528744
Native_InEar,1,Native_Bone,3,580,580,0.6241379310344828,0.599593881600034
Native_InEar,1,Native_Bone,4,580,580,0.6189655172413793,0.5922317754071276
Native_InEar,1,Native_Bone,5,580,580,0.6241379310344828,0.5966930179113104
Native_InEar,1,Native_Bone,6,580,580,0.6172413793103448,0.5865300656276501
Native_InEar,1,Native_Bone,7,580,580,0.6344827586206897,0.6027490891912088
Native_InEar,1,Native_Bone,8,580,580,0.6344827586206897,0.6074719622253039
Native_InEar,1,Native_Bone,9,580,580,0.6172413793103448,0.5920964837225634
Native_InEar,1,Native_Bone,10,580,580,0.6258620689655172,0.6027845107109906
Native_InEar,1,NonNative_Bone,1,580,580,0.7327586206896551,0.7214178373103438
Native_InEar,1,NonNative_Bone,2,580,580,0.743103448275862,0.7311769664042141
Native_InEar,1,NonNative_Bone,3,580,580,0.743103448275862,0.7324662778953371
Native_InEar,1,NonNative_Bone,4,580,580,0.7620689655172413,0.7494516507126348
Native_InEar,1,NonNative_Bone,5,580,580,0.743103448275862,0.7296018670762237
Native_InEar,1,NonNative_Bone,6,580,580,0.75,0.7386515932734603
Native_InEar,1,NonNative_Bone,7,580,580,0.743103448275862,0.7323085003688218
Native_InEar,1,NonNative_Bone,8,580,580,0.7396551724137931,0.7286495588084725
Native_InEar,1,NonNative_Bone,9,580,580,0.7396551724137931,0.7275243691324879
Native_InEar,1,NonNative_Bone,10,580,580,0.743103448275862,0.733051285528479
Native_InEar,1,Neutral_Bone,1,580,580,0.6603448275862069,0.6407990352277408
Native_InEar,1,Neutral_Bone,2,580,580,0.656896551724138,0.6350254112547964
Native_InEar,1,Neutral_Bone,3,580,580,0.6396551724137931,0.6191522661623369
Native_InEar,1,Neutral_Bone,4,580,580,0.65,0.6310073051455471
Native_InEar,1,Neutral_Bone,5,580,580,0.6620689655172414,0.6406289880257338
Native_InEar,1,Neutral_Bone,6,580,580,0.6620689655172414,0.6436677090968563
Native_InEar,1,Neutral_Bone,7,580,580,0.6517241379310345,0.6334848490936335
Native_InEar,1,Neutral_Bone,8,580,580,0.646551724137931,0.6264133058488652
Native_InEar,1,Neutral_Bone,9,580,580,0.646551724137931,0.6267853689483419
Native_InEar,1,Neutral_Bone,10,580,580,0.6689655172413793,0.6495424438150448
Native_InEar,2,NonNative_InEar|Neutral_InEar,1,580,580,0.7827586206896552,0.7761966065551718
Native_InEar,2,NonNative_InEar|Neutral_InEar,2,580,580,0.7689655172413793,0.7642042493706639
Native_InEar,2,NonNative_InEar|Neutral_InEar,3,580,580,0.7844827586206896,0.7817113211465256
Native_InEar,2,NonNative_InEar|Neutral_InEar,4,580,580,0.7965517241379311,0.7943114191193228
Native_InEar,2,NonNative_InEar|Neutral_InEar,5,580,580,0.7844827586206896,0.7823002703561892
Native_InEar,2,NonNative_InEar|Neutral_InEar,6,580,580,0.7810344827586206,0.7735908200193402
Native_InEar,2,NonNative_InEar|Neutral_InEar,7,580,580,0.7810344827586206,0.7741464919763008
Native_InEar,2,NonNative_InEar|Neutral_InEar,8,580,580,0.8,0.7956098741814217
Native_InEar,2,NonNative_InEar|Neutral_InEar,9,580,580,0.803448275862069,0.7991881968489541
Native_InEar,2,NonNative_InEar|Neutral_InEar,10,580,580,0.8017241379310345,0.7993630630617714
Native_InEar,2,NonNative_InEar|Native_Bone,1,580,580,0.7620689655172413,0.7582354676414857
Native_InEar,2,NonNative_InEar|Native_Bone,2,580,580,0.7603448275862069,0.755192630542971
Native_InEar,2,NonNative_InEar|Native_Bone,3,580,580,0.7379310344827587,0.7293707669789912
Native_InEar,2,NonNative_InEar|Native_Bone,4,580,580,0.746551724137931,0.7383728555798992
Native_InEar,2,NonNative_InEar|Native_Bone,5,580,580,0.7620689655172413,0.7588490620927748
Native_InEar,2,NonNative_InEar|Native_Bone,6,580,580,0.7724137931034483,0.7678828313755115
Native_InEar,2,NonNative_InEar|Native_Bone,7,580,580,0.7482758620689656,0.740174539641427
Native_InEar,2,NonNative_InEar|Native_Bone,8,580,580,0.7724137931034483,0.7696285822712857
Native_InEar,2,NonNative_InEar|Native_Bone,9,580,580,0.7620689655172413,0.7562630149349502
Native_InEar,2,NonNative_InEar|Native_Bone,10,580,580,0.7775862068965518,0.769322128124054
Native_InEar,2,NonNative_InEar|NonNative_Bone,1,580,580,0.7706896551724138,0.7639186591008899
Native_InEar,2,NonNative_InEar|NonNative_Bone,2,580,580,0.7931034482758621,0.7832533317406194
Native_InEar,2,NonNative_InEar|NonNative_Bone,3,580,580,0.7793103448275862,0.7752235533222741
Native_InEar,2,NonNative_InEar|NonNative_Bone,4,580,580,0.7620689655172413,0.756977795485452
Native_InEar,2,NonNative_InEar|NonNative_Bone,5,580,580,0.7827586206896552,0.7760425914450985
Native_InEar,2,NonNative_InEar|NonNative_Bone,6,580,580,0.8086206896551724,0.8017618191786097
Native_InEar,2,NonNative_InEar|NonNative_Bone,7,580,580,0.7844827586206896,0.7792079293255764
Native_InEar,2,NonNative_InEar|NonNative_Bone,8,580,580,0.7689655172413793,0.7635699323132759
Native_InEar,2,NonNative_InEar|NonNative_Bone,9,580,580,0.7931034482758621,0.7879478172726098
Native_InEar,2,NonNative_InEar|NonNative_Bone,10,580,580,0.8,0.7968025149169167
Native_InEar,2,NonNative_InEar|Neutral_Bone,1,580,580,0.7827586206896552,0.7775233542387274
Native_InEar,2,NonNative_InEar|Neutral_Bone,2,580,580,0.7913793103448276,0.7850345984024559
Native_InEar,2,NonNative_InEar|Neutral_Bone,3,580,580,0.7706896551724138,0.7659540894896305
Native_InEar,2,NonNative_InEar|Neutral_Bone,4,580,580,0.7931034482758621,0.7898773129298035
Native_InEar,2,NonNative_InEar|Neutral_Bone,5,580,580,0.7724137931034483,0.7687677558819638
Native_InEar,2,NonNative_InEar|Neutral_Bone,6,580,580,0.7758620689655172,0.7719332279659702
Native_InEar,2,NonNative_InEar|Neutral_Bone,7,580,580,0.7724137931034483,0.7653753322954095
Native_InEar,2,NonNative_InEar|Neutral_Bone,8,580,580,0.7672413793103449,0.7588760379368003
Native_InEar,2,NonNative_InEar|Neutral_Bone,9,580,580,0.7879310344827586,0.7835837828092573
Native_InEar,2,NonNative_InEar|Neutral_Bone,10,580,580,0.7793103448275862,0.7772138595505022
Native_InEar,2,Neutral_InEar|Native_Bone,1,580,580,0.7379310344827587,0.7291171969403087
Native_InEar,2,Neutral_InEar|Native_Bone,2,580,580,0.7706896551724138,0.7643606881235215
Native_InEar,2,Neutral_InEar|Native_Bone,3,580,580,0.7655172413793103,0.7602850117625818
Native_InEar,2,Neutral_InEar|Native_Bone,4,580,580,0.7620689655172413,0.7560207983587255
Native_InEar,2,Neutral_InEar|Native_Bone,5,580,580,0.7310344827586207,0.7269480094197802
Native_InEar,2,Neutral_InEar|Native_Bone,6,580,580,0.75,0.7453919994152588
Native_InEar,2,Neutral_InEar|Native_Bone,7,580,580,0.75,0.7436563379152719
Native_InEar,2,Neutral_InEar|Native_Bone,8,580,580,0.7293103448275862,0.7243825526977152
Native_InEar,2,Neutral_InEar|Native_Bone,9,580,580,0.7672413793103449,0.7635367027566334
Native_InEar,2,Neutral_InEar|Native_Bone,10,580,580,0.7551724137931034,0.74856388136799
Native_InEar,2,Neutral_InEar|NonNative_Bone,1,580,580,0.743103448275862,0.7356780801441237
Native_InEar,2,Neutral_InEar|NonNative_Bone,2,580,580,0.7637931034482759,0.7585573241614649
Native_InEar,2,Neutral_InEar|NonNative_Bone,3,580,580,0.7775862068965518,0.7712371234933042
Native_InEar,2,Neutral_InEar|NonNative_Bone,4,580,580,0.7689655172413793,0.7598296207502189
Native_InEar,2,Neutral_InEar|NonNative_Bone,5,580,580,0.756896551724138,0.7547597003655204
Native_InEar,2,Neutral_InEar|NonNative_Bone,6,580,580,0.7793103448275862,0.7753892330111329
Native_InEar,2,Neutral_InEar|NonNative_Bone,7,580,580,0.7879310344827586,0.7847647578887962
Native_InEar,2,Neutral_InEar|NonNative_Bone,8,580,580,0.7741379310344828,0.7707487428570733
Native_InEar,2,Neutral_InEar|NonNative_Bone,9,580,580,0.7637931034482759,0.7563923448261517
Native_InEar,2,Neutral_InEar|NonNative_Bone,10,580,580,0.7620689655172413,0.7564323835776776
Native_InEar,2,Neutral_InEar|Neutral_Bone,1,580,580,0.7586206896551724,0.7566983117499175
Native_InEar,2,Neutral_InEar|Neutral_Bone,2,580,580,0.7517241379310344,0.7482993021369354
Native_InEar,2,Neutral_InEar|Neutral_Bone,3,580,580,0.7637931034482759,0.7586908353886825
Native_InEar,2,Neutral_InEar|Neutral_Bone,4,580,580,0.7396551724137931,0.7314311290884803
Native_InEar,2,Neutral_InEar|Neutral_Bone,5,580,580,0.7551724137931034,0.7478185426532111
Native_InEar,2,Neutral_InEar|Neutral_Bone,6,580,580,0.753448275862069,0.7492233052586041
Native_InEar,2,Neutral_InEar|Neutral_Bone,7,580,580,0.7603448275862069,0.7546057796298532
Native_InEar,2,Neutral_InEar|Neutral_Bone,8,580,580,0.7637931034482759,0.7594710526762383
Native_InEar,2,Neutral_InEar|Neutral_Bone,9,580,580,0.7310344827586207,0.7271920656438107
Native_InEar,2,Neutral_InEar|Neutral_Bone,10,580,580,0.7517241379310344,0.7462926815396717
Native_InEar,2,Native_Bone|NonNative_Bone,1,580,580,0.7620689655172413,0.7525044068180744
Native_InEar,2,Native_Bone|NonNative_Bone,2,580,580,0.7586206896551724,0.747573705953567
Native_InEar,2,Native_Bone|NonNative_Bone,3,580,580,0.756896551724138,0.7496124446961093
Native_InEar,2,Native_Bone|NonNative_Bone,4,580,580,0.7758620689655172,0.7682993214874977
Native_InEar,2,Native_Bone|NonNative_Bone,5,580,580,0.7655172413793103,0.7544915423931637
Native_InEar,2,Native_Bone|NonNative_Bone,6,580,580,0.7551724137931034,0.7439674213533936
Native_InEar,2,Native_Bone|NonNative_Bone,7,580,580,0.7637931034482759,0.7561888406684856
Native_InEar,2,Native_Bone|NonNative_Bone,8,580,580,0.7482758620689656,0.7370922104475841
Native_InEar,2,Native_Bone|NonNative_Bone,9,580,580,0.7344827586206897,0.7227655542676178
Native_InEar,2,Native_Bone|NonNative_Bone,10,580,580,0.746551724137931,0.7359484040505097
Native_InEar,2,Native_Bone|Neutral_Bone,1,580,580,0.7137931034482758,0.7035254631899456
Native_InEar,2,Native_Bone|Neutral_Bone,2,580,580,0.696551724137931,0.6884963099614726
Native_InEar,2,Native_Bone|Neutral_Bone,3,580,580,0.7017241379310345,0.6963199360166641
Native_InEar,2,Native_Bone|Neutral_Bone,4,580,580,0.7155172413793104,0.7104246880317225
Native_InEar,2,Native_Bone|Neutral_Bone,5,580,580,0.7275862068965517,0.7197776568636789
Native_InEar,2,Native_Bone|Neutral_Bone,6,580,580,0.7068965517241379,0.6983275804021658
Native_InEar,2,Native_Bone|Neutral_Bone,7,580,580,0.7172413793103448,0.7104910972376868
Native_InEar,2,Native_Bone|Neutral_Bone,8,580,580,0.6931034482758621,0.6854620845038005
Native_InEar,2,Native_Bone|Neutral_Bone,9,580,580,0.7172413793103448,0.7088326919797264
Native_InEar,2,Native_Bone|Neutral_Bone,10,580,580,0.7137931034482758,0.7082490455675984
Native_InEar,2,NonNative_Bone|Neutral_Bone,1,580,580,0.7327586206896551,0.724948411526712
Native_InEar,2,NonNative_Bone|Neutral_Bone,2,580,580,0.756896551724138,0.7481981685966326
Native_InEar,2,NonNative_Bone|Neutral_Bone,3,580,580,0.743103448275862,0.733375618688401
Native_InEar,2,NonNative_Bone|Neutral_Bone,4,580,580,0.7362068965517241,0.7244157325008354
Native_InEar,2,NonNative_Bone|Neutral_Bone,5,580,580,0.7655172413793103,0.7555653384226172
Native_InEar,2,NonNative_Bone|Neutral_Bone,6,580,580,0.7189655172413794,0.7078557828170021
Native_InEar,2,NonNative_Bone|Neutral_Bone,7,580,580,0.7293103448275862,0.7159792543086544
Native_InEar,2,NonNative_Bone|Neutral_Bone,8,580,580,0.7327586206896551,0.7223153111479881
Native_InEar,2,NonNative_Bone|Neutral_Bone,9,580,580,0.7517241379310344,0.7404002277250761
Native_InEar,2,NonNative_Bone|Neutral_Bone,10,580,580,0.7293103448275862,0.7220187458807439
Native_InEar,3,NonNative_InEar|Neutral_InEar|Native_Bone,1,580,580,0.7758620689655172,0.7707498367539084
Native_InEar,3,NonNative_InEar|Neutral_InEar|Native_Bone,2,580,580,0.7775862068965518,0.7716103349843181
Native_InEar,3,NonNative_InEar|Neutral_InEar|Native_Bone,3,580,580,0.7551724137931034,0.7489572159337929
Native_InEar,3,NonNative_InEar|Neutral_InEar|Native_Bone,4,580,580,0.7827586206896552,0.7772776725794481
Native_InEar,3,NonNative_InEar|Neutral_InEar|Native_Bone,5,580,580,0.7706896551724138,0.7627138888859172
Native_InEar,3,NonNative_InEar|Neutral_InEar|Native_Bone,6,580,580,0.7879310344827586,0.7824189182840311
Native_InEar,3,NonNative_InEar|Neutral_InEar|Native_Bone,7,580,580,0.7879310344827586,0.7832132669347355
Native_InEar,3,NonNative_InEar|Neutral_InEar|Native_Bone,8,580,580,0.8,0.7947499828839528
Native_InEar,3,NonNative_InEar|Neutral_InEar|Native_Bone,9,580,580,0.7775862068965518,0.7705494252999826
Native_InEar,3,NonNative_InEar|Neutral_InEar|Native_Bone,10,580,580,0.7741379310344828,0.7725134194345921
Native_InEar,3,NonNative_InEar|Neutral_InEar|NonNative_Bone,1,580,580,0.7965517241379311,0.7907347118931337
Native_InEar,3,NonNative_InEar|Neutral_InEar|NonNative_Bone,2,580,580,0.8189655172413793,0.8159199749047362
Native_InEar,3,NonNative_InEar|Neutral_InEar|NonNative_Bone,3,580,580,0.7965517241379311,0.7925431276037705
Native_InEar,3,NonNative_InEar|Neutral_InEar|NonNative_Bone,4,580,580,0.7706896551724138,0.766052135953538
Native_InEar,3,NonNative_InEar|Neutral_InEar|NonNative_Bone,5,580,580,0.8068965517241379,0.8009893767431624
Native_InEar,3,NonNative_InEar|Neutral_InEar|NonNative_Bone,6,580,580,0.8017241379310345,0.7981159596896773
Native_InEar,3,NonNative_InEar|Neutral_InEar|NonNative_Bone,7,580,580,0.7965517241379311,0.7931373817998574
Native_InEar,3,NonNative_InEar|Neutral_InEar|NonNative_Bone,8,580,580,0.7793103448275862,0.7702842556365677
Native_InEar,3,NonNative_InEar|Neutral_InEar|NonNative_Bone,9,580,580,0.8120689655172414,0.8063983616082571
Native_InEar,3,NonNative_InEar|Neutral_InEar|NonNative_Bone,10,580,580,0.7948275862068965,0.7881638634633792
Native_InEar,3,NonNative_InEar|Neutral_InEar|Neutral_Bone,1,580,580,0.753448275862069,0.746278415300234
Native_InEar,3,NonNative_InEar|Neutral_InEar|Neutral_Bone,2,580,580,0.8172413793103448,0.8136547926330191
Native_InEar,3,NonNative_InEar|Neutral_InEar|Neutral_Bone,3,580,580,0.7879310344827586,0.7812073930579981
Native_InEar,3,NonNative_InEar|Neutral_InEar|Neutral_Bone,4,580,580,0.7965517241379311,0.7916732215294426
Native_InEar,3,NonNative_InEar|Neutral_InEar|Neutral_Bone,5,580,580,0.7931034482758621,0.7872028326219447
Native_InEar,3,NonNative_InEar|Neutral_InEar|Neutral_Bone,6,580,580,0.8206896551724138,0.8178486656332181
Native_InEar,3,NonNative_InEar|Neutral_InEar|Neutral_Bone,7,580,580,0.7862068965517242,0.7807052255793678
Native_InEar,3,NonNative_InEar|Neutral_InEar|Neutral_Bone,8,580,580,0.8068965517241379,0.8032596932032365
Native_InEar,3,NonNative_InEar|Neutral_InEar|Neutral_Bone,9,580,580,0.7931034482758621,0.789712889472381
Native_InEar,3,NonNative_InEar|Neutral_InEar|Neutral_Bone,10,580,580,0.8068965517241379,0.8037505184300263
Native_InEar,3,NonNative_InEar|Native_Bone|NonNative_Bone,1,580,580,0.8,0.7923735112206703
Native_InEar,3,NonNative_InEar|Native_Bone|NonNative_Bone,2,580,580,0.7655172413793103,0.7564019614228676
Native_InEar,3,NonNative_InEar|Native_Bone|NonNative_Bone,3,580,580,0.7844827586206896,0.7800272241416709
Native_InEar,3,NonNative_InEar|Native_Bone|NonNative_Bone,4,580,580,0.7706896551724138,0.7602437233062791
Native_InEar,3,NonNative_InEar|Native_Bone|NonNative_Bone,5,580,580,0.7672413793103449,0.758563328478954
Native_InEar,3,NonNative_InEar|Native_Bone|NonNative_Bone,6,580,580,0.7758620689655172,0.7683236519171108
Native_InEar,3,NonNative_InEar|Native_Bone|NonNative_Bone,7,580,580,0.7827586206896552,0.7752569499144133
Native_InEar,3,NonNative_InEar|Native_Bone|NonNative_Bone,8,580,580,0.7827586206896552,0.7757672509326133
Native_InEar,3,NonNative_InEar|Native_Bone|NonNative_Bone,9,580,580,0.7672413793103449,0.7604286806764187
Native_InEar,3,NonNative_InEar|Native_Bone|NonNative_Bone,10,580,580,0.7844827586206896,0.7772529606363399
Native_InEar,3,NonNative_InEar|Native_Bone|Neutral_Bone,1,580,580,0.7706896551724138,0.7637082445194668
Native_InEar,3,NonNative_InEar|Native_Bone|Neutral_Bone,2,580,580,0.7655172413793103,0.7649551690764683
Native_InEar,3,NonNative_InEar|Native_Bone|Neutral_Bone,3,580,580,0.7810344827586206,0.7752101514765648
Native_InEar,3,NonNative_InEar|Native_Bone|Neutral_Bone,4,580,580,0.7603448275862069,0.7522022591897175
Native_InEar,3,NonNative_InEar|Native_Bone|Neutral_Bone,5,580,580,0.7827586206896552,0.7790337238975991
Native_InEar,3,NonNative_InEar|Native_Bone|Neutral_Bone,6,580,580,0.8,0.7942931210886297
Native_InEar,3,NonNative_InEar|Native_Bone|Neutral_Bone,7,580,580,0.7551724137931034,0.7518303661547507
Native_InEar,3,NonNative_InEar|Native_Bone|Neutral_Bone,8,580,580,0.7827586206896552,0.776698552043206
Native_InEar,3,NonNative_InEar|Native_Bone|Neutral_Bone,9,580,580,0.753448275862069,0.7478103977470522
Native_InEar,3,NonNative_InEar|Native_Bone|Neutral_Bone,10,580,580,0.7758620689655172,0.7730295762497862
Native_InEar,3,NonNative_InEar|NonNative_Bone|Neutral_Bone,1,580,580,0.7844827586206896,0.7764205443492169
Native_InEar,3,NonNative_InEar|NonNative_Bone|Neutral_Bone,2,580,580,0.7965517241379311,0.7878133324850985
Native_InEar,3,NonNative_InEar|NonNative_Bone|Neutral_Bone,3,580,580,0.7620689655172413,0.746938465375355
Native_InEar,3,NonNative_InEar|NonNative_Bone|Neutral_Bone,4,580,580,0.8137931034482758,0.8088766724317319
Native_InEar,3,NonNative_InEar|NonNative_Bone|Neutral_Bone,5,580,580,0.7896551724137931,0.7811995347603172
Native_InEar,3,NonNative_InEar|NonNative_Bone|Neutral_Bone,6,580,580,0.7965517241379311,0.7916221899455823
Native_InEar,3,NonNative_InEar|NonNative_Bone|Neutral_Bone,7,580,580,0.7672413793103449,0.7604947358542573
Native_InEar,3,NonNative_InEar|NonNative_Bone|Neutral_Bone,8,580,580,0.7862068965517242,0.7786876208163334
Native_InEar,3,NonNative_InEar|NonNative_Bone|Neutral_Bone,9,580,580,0.8051724137931034,0.8052156996866504
Native_InEar,3,NonNative_InEar|NonNative_Bone|Neutral_Bone,10,580,580,0.7913793103448276,0.7823487479089838
Native_InEar,3,Neutral_InEar|Native_Bone|NonNative_Bone,1,580,580,0.8,0.7928404646614979
Native_InEar,3,Neutral_InEar|Native_Bone|NonNative_Bone,2,580,580,0.756896551724138,0.752214511484297
Native_InEar,3,Neutral_InEar|Native_Bone|NonNative_Bone,3,580,580,0.7706896551724138,0.7637184661879068
Native_InEar,3,Neutral_InEar|Native_Bone|NonNative_Bone,4,580,580,0.7517241379310344,0.7485806375629982
Native_InEar,3,Neutral_InEar|Native_Bone|NonNative_Bone,5,580,580,0.7672413793103449,0.7568873095288571
Native_InEar,3,Neutral_InEar|Native_Bone|NonNative_Bone,6,580,580,0.7551724137931034,0.7427203312308357
Native_InEar,3,Neutral_InEar|Native_Bone|NonNative_Bone,7,580,580,0.7551724137931034,0.7472255747784737
Native_InEar,3,Neutral_InEar|Native_Bone|NonNative_Bone,8,580,580,0.7810344827586206,0.7726651230466699
Native_InEar,3,Neutral_InEar|Native_Bone|NonNative_Bone,9,580,580,0.7741379310344828,0.7663984642547625
Native_InEar,3,Neutral_InEar|Native_Bone|NonNative_Bone,10,580,580,0.7724137931034483,0.7672667714010235
Native_InEar,3,Neutral_InEar|Native_Bone|Neutral_Bone,1,580,580,0.7655172413793103,0.759536088831833
Native_InEar,3,Neutral_InEar|Native_Bone|Neutral_Bone,2,580,580,0.7379310344827587,0.7263194933286957
Native_InEar,3,Neutral_InEar|Native_Bone|Neutral_Bone,3,580,580,0.753448275862069,0.7496430493660069
Native_InEar,3,Neutral_InEar|Native_Bone|Neutral_Bone,4,580,580,0.7637931034482759,0.75672452102688
Native_InEar,3,Neutral_InEar|Native_Bone|Neutral_Bone,5,580,580,0.7482758620689656,0.7411355683560349
Native_InEar,3,Neutral_InEar|Native_Bone|Neutral_Bone,6,580,580,0.743103448275862,0.7402708351065754
Native_InEar,3,Neutral_InEar|Native_Bone|Neutral_Bone,7,580,580,0.753448275862069,0.7466998098433707
Native_InEar,3,Neutral_InEar|Native_Bone|Neutral_Bone,8,580,580,0.7551724137931034,0.7459150392233727
Native_InEar,3,Neutral_InEar|Native_Bone|Neutral_Bone,9,580,580,0.7413793103448276,0.7305057805870291
Native_InEar,3,Neutral_InEar|Native_Bone|Neutral_Bone,10,580,580,0.753448275862069,0.7493848737931856
Native_InEar,3,Neutral_InEar|NonNative_Bone|Neutral_Bone,1,580,580,0.7810344827586206,0.7763072747179616
Native_InEar,3,Neutral_InEar|NonNative_Bone|Neutral_Bone,2,580,580,0.7741379310344828,0.7675290311644499
Native_InEar,3,Neutral_InEar|NonNative_Bone|Neutral_Bone,3,580,580,0.7965517241379311,0.7924141090485591
Native_InEar,3,Neutral_InEar|NonNative_Bone|Neutral_Bone,4,580,580,0.7758620689655172,0.7677721006439181
Native_InEar,3,Neutral_InEar|NonNative_Bone|Neutral_Bone,5,580,580,0.7655172413793103,0.7591311513068026
Native_InEar,3,Neutral_InEar|NonNative_Bone|Neutral_Bone,6,580,580,0.7724137931034483,0.7668469062207028
Native_InEar,3,Neutral_InEar|NonNative_Bone|Neutral_Bone,7,580,580,0.8,0.7913516971353912
Native_InEar,3,Neutral_InEar|NonNative_Bone|Neutral_Bone,8,580,580,0.7672413793103449,0.762705881971699
Native_InEar,3,Neutral_InEar|NonNative_Bone|Neutral_Bone,9,580,580,0.7551724137931034,0.7451486853034484
Native_InEar,3,Neutral_InEar|NonNative_Bone|Neutral_Bone,10,580,580,0.7603448275862069,0.7550927346021805
Native_InEar,3,Native_Bone|NonNative_Bone|Neutral_Bone,1,580,580,0.7637931034482759,0.7578172898144003
Native_InEar,3,Native_Bone|NonNative_Bone|Neutral_Bone,2,580,580,0.7327586206896551,0.7256090729514728
Native_InEar,3,Native_Bone|NonNative_Bone|Neutral_Bone,3,580,580,0.7517241379310344,0.738337782898891
Native_InEar,3,Native_Bone|NonNative_Bone|Neutral_Bone,4,580,580,0.756896551724138,0.7479817767577723
Native_InEar,3,Native_Bone|NonNative_Bone|Neutral_Bone,5,580,580,0.746551724137931,0.7347852273902014
Native_InEar,3,Native_Bone|NonNative_Bone|Neutral_Bone,6,580,580,0.746551724137931,0.7373312729109344
Native_InEar,3,Native_Bone|NonNative_Bone|Neutral_Bone,7,580,580,0.7448275862068966,0.7370557992780855
Native_InEar,3,Native_Bone|NonNative_Bone|Neutral_Bone,8,580,580,0.7551724137931034,0.7443843126050929
Native_InEar,3,Native_Bone|NonNative_Bone|Neutral_Bone,9,580,580,0.7551724137931034,0.7510508007318569
Native_InEar,3,Native_Bone|NonNative_Bone|Neutral_Bone,10,580,580,0.756896551724138,0.7477323439298376
Native_InEar,5,NonNative_InEar|Neutral_InEar|Native_Bone|NonNative_Bone|Neutral_Bone,1,580,580,0.7672413793103449,0.7635086813392211
Native_InEar,5,NonNative_InEar|Neutral_InEar|Native_Bone|NonNative_Bone|Neutral_Bone,2,580,580,0.7517241379310344,0.7451171937165088
Native_InEar,5,NonNative_InEar|Neutral_InEar|Native_Bone|NonNative_Bone|Neutral_Bone,3,580,580,0.7982758620689655,0.7913046524466839
Native_InEar,5,NonNative_InEar|Neutral_InEar|Native_Bone|NonNative_Bone|Neutral_Bone,4,580,580,0.7706896551724138,0.7640840060954445
Native_InEar,5,NonNative_InEar|Neutral_InEar|Native_Bone|NonNative_Bone|Neutral_Bone,5,580,580,0.7879310344827586,0.781388000806886
Native_InEar,5,NonNative_InEar|Neutral_InEar|Native_Bone|NonNative_Bone|Neutral_Bone,6,580,580,0.7706896551724138,0.765485195959337
Native_InEar,5,NonNative_InEar|Neutral_InEar|Native_Bone|NonNative_Bone|Neutral_Bone,7,580,580,0.7706896551724138,0.7633003512382044
Native_InEar,5,NonNative_InEar|Neutral_InEar|Native_Bone|NonNative_Bone|Neutral_Bone,8,580,580,0.7775862068965518,0.7666950329925295
Native_InEar,5,NonNative_InEar|Neutral_InEar|Native_Bone|NonNative_Bone|Neutral_Bone,9,580,580,0.7724137931034483,0.7687832522057623
Native_InEar,5,NonNative_InEar|Neutral_InEar|Native_Bone|NonNative_Bone|Neutral_Bone,10,580,580,0.7896551724137931,0.7840503672810698
NonNative_InEar,1,Native_InEar,1,580,580,0.8224137931034483,0.8189508389869731
NonNative_InEar,1,Native_InEar,2,580,580,0.8,0.796516703470226
NonNative_InEar,1,Native_InEar,3,580,580,0.7896551724137931,0.786486380365908
NonNative_InEar,1,Native_InEar,4,580,580,0.8068965517241379,0.8037994691921186
NonNative_InEar,1,Native_InEar,5,580,580,0.8155172413793104,0.8113002098544465
NonNative_InEar,1,Native_InEar,6,580,580,0.8051724137931034,0.8000548238398115
NonNative_InEar,1,Native_InEar,7,580,580,0.8258620689655173,0.8225370107174816
NonNative_InEar,1,Native_InEar,8,580,580,0.8137931034482758,0.8115816014256595
NonNative_InEar,1,Native_InEar,9,580,580,0.8086206896551724,0.8058693822241315
NonNative_InEar,1,Native_InEar,10,580,580,0.8137931034482758,0.8094199409056697
NonNative_InEar,1,Neutral_InEar,1,580,580,0.743103448275862,0.7442440168068343
NonNative_InEar,1,Neutral_InEar,2,580,580,0.7396551724137931,0.7399616912248387
NonNative_InEar,1,Neutral_InEar,3,580,580,0.7448275862068966,0.7444890607590736
NonNative_InEar,1,Neutral_InEar,4,580,580,0.7448275862068966,0.7443919589947714
NonNative_InEar,1,Neutral_InEar,5,580,580,0.743103448275862,0.7450042787905978
NonNative_InEar,1,Neutral_InEar,6,580,580,0.7362068965517241,0.735650605299383
NonNative_InEar,1,Neutral_InEar,7,580,580,0.7379310344827587,0.7367288303138431
NonNative_InEar,1,Neutral_InEar,8,580,580,0.7344827586206897,0.7321512770074659
NonNative_InEar,1,Neutral_InEar,9,580,580,0.7310344827586207,0.7318599126182129
NonNative_InEar,1,Neutral_InEar,10,580,580,0.7362068965517241,0.7381863558238102
NonNative_InEar,1,Native_Bone,1,580,580,0.6603448275862069,0.6406473325173158
NonNative_InEar,1,Native_Bone,2,580,580,0.6724137931034483,0.6600689108860706
NonNative_InEar,1,Native_Bone,3,580,580,0.6413793103448275,0.6271477684905541
NonNative_InEar,1,Native_Bone,4,580,580,0.6724137931034483,0.6564364312636621
NonNative_InEar,1,Native_Bone,5,580,580,0.6741379310344827,0.658803016720723
NonNative_InEar,1,Native_Bone,6,580,580,0.656896551724138,0.6371276570135631
NonNative_InEar,1,Native_Bone,7,580,580,0.6741379310344827,0.6594860346101413
NonNative_InEar,1,Native_Bone,8,580,580,0.6724137931034483,0.6542733434694796
NonNative_InEar,1,Native_Bone,9,580,580,0.6637931034482759,0.6474671606613897
NonNative_InEar,1,Native_Bone,10,580,580,0.6637931034482759,0.6469894376069257
NonNative_InEar,1,NonNative_Bone,1,580,580,0.7620689655172413,0.760335464697253
NonNative_InEar,1,NonNative_Bone,2,580,580,0.7655172413793103,0.7622521788382202
NonNative_InEar,1,NonNative_Bone,3,580,580,0.756896551724138,0.7534550436852385
NonNative_InEar,1,NonNative_Bone,4,580,580,0.7603448275862069,0.7566079841715709
NonNative_InEar,1,NonNative_Bone,5,580,580,0.7482758620689656,0.7457379998813128
NonNative_InEar,1,NonNative_Bone,6,580,580,0.7517241379310344,0.7496859937654938
NonNative_InEar,1,NonNative_Bone,7,580,580,0.7586206896551724,0.7525862545770614
NonNative_InEar,1,NonNative_Bone,8,580,580,0.7655172413793103,0.764226395103052
NonNative_InEar,1,NonNative_Bone,9,580,580,0.7482758620689656,0.7462893315988425
NonNative_InEar,1,NonNative_Bone,10,580,580,0.7724137931034483,0.7708068686769313
NonNative_InEar,1,Neutral_Bone,1,580,580,0.6844827586206896,0.6724603538698991
NonNative_InEar,1,Neutral_Bone,2,580,580,0.6672413793103448,0.6545761144030902
NonNative_InEar,1,Neutral_Bone,3,580,580,0.6741379310344827,0.6619227191207824
NonNative_InEar,1,Neutral_Bone,4,580,580,0.6775862068965517,0.6644973484142036
NonNative_InEar,1,Neutral_Bone,5,580,580,0.6724137931034483,0.6593036936423609
NonNative_InEar,1,Neutral_Bone,6,580,580,0.6603448275862069,0.6469923559680552
NonNative_InEar,1,Neutral_Bone,7,580,580,0.6706896551724137,0.6598214891843546
NonNative_InEar,1,Neutral_Bone,8,580,580,0.6620689655172414,0.645663791721341
NonNative_InEar,1,Neutral_Bone,9,580,580,0.6672413793103448,0.6501535158943386
NonNative_InEar,1,Neutral_Bone,10,580,580,0.6793103448275862,0.6688042244408052
NonNative_InEar,2,Native_InEar|Neutral_InEar,1,580,580,0.8293103448275863,0.8283689783091172
NonNative_InEar,2,Native_InEar|Neutral_InEar,2,580,580,0.8172413793103448,0.8154235058753911
NonNative_InEar,2,Native_InEar|Neutral_InEar,3,580,580,0.7844827586206896,0.7837329149904274
NonNative_InEar,2,Native_InEar|Neutral_InEar,4,580,580,0.8172413793103448,0.8167163698084302
NonNative_InEar,2,Native_InEar|Neutral_InEar,5,580,580,0.7879310344827586,0.787144114078999
NonNative_InEar,2,Native_InEar|Neutral_InEar,6,580,580,0.8258620689655173,0.8244451773408434
NonNative_InEar,2,Native_InEar|Neutral_InEar,7,580,580,0.7965517241379311,0.7948868606504268
NonNative_InEar,2,Native_InEar|Neutral_InEar,8,580,580,0.8086206896551724,0.8065913221780837
NonNative_InEar,2,Native_InEar|Neutral_InEar,9,580,580,0.8068965517241379,0.8061473433062301
NonNative_InEar,2,Native_InEar|Neutral_InEar,10,580,580,0.803448275862069,0.8027607823778473
NonNative_InEar,2,Native_InEar|Native_Bone,1,580,580,0.7896551724137931,0.7867745656875819
NonNative_InEar,2,Native_InEar|Native_Bone,2,580,580,0.7879310344827586,0.7846961195532197
NonNative_InEar,2,Native_InEar|Native_Bone,3,580,580,0.8086206896551724,0.8062581767846995
NonNative_InEar,2,Native_InEar|Native_Bone,4,580,580,0.7931034482758621,0.7914321842675258
NonNative_InEar,2,Native_InEar|Native_Bone,5,580,580,0.7982758620689655,0.7926549083658899
NonNative_InEar,2,Native_InEar|Native_Bone,6,580,580,0.7724137931034483,0.7671615530535284
NonNative_InEar,2,Native_InEar|Native_Bone,7,580,580,0.8017241379310345,0.7989917677965883
NonNative_InEar,2,Native_InEar|Native_Bone,8,580,580,0.7965517241379311,0.7920515862149002
NonNative_InEar,2,Native_InEar|Native_Bone,9,580,580,0.7655172413793103,0.7622200275291904
NonNative_InEar,2,Native_InEar|Native_Bone,10,580,580,0.7706896551724138,0.7674901143623591
NonNative_InEar,2,Native_InEar|NonNative_Bone,1,580,580,0.7965517241379311,0.7933221262902669
NonNative_InEar,2,Native_InEar|NonNative_Bone,2,580,580,0.8017241379310345,0.7977981055158335
NonNative_InEar,2,Native_InEar|NonNative_Bone,3,580,580,0.8120689655172414,0.8083118081750401
NonNative_InEar,2,Native_InEar|NonNative_Bone,4,580,580,0.8103448275862069,0.8073815268610769
NonNative_InEar,2,Native_InEar|NonNative_Bone,5,580,580,0.8086206896551724,0.8044376046081865
NonNative_InEar,2,Native_InEar|NonNative_Bone,6,580,580,0.8103448275862069,0.8062830550649098
NonNative_InEar,2,Native_InEar|NonNative_Bone,7,580,580,0.8051724137931034,0.8027082518686279
NonNative_InEar,2,Native_InEar|NonNative_Bone,8,580,580,0.8086206896551724,0.8038486484433349
NonNative_InEar,2,Native_InEar|NonNative_Bone,9,580,580,0.7965517241379311,0.7937072632567781
NonNative_InEar,2,Native_InEar|NonNative_Bone,10,580,580,0.8017241379310345,0.7980645205380555
NonNative_InEar,2,Native_InEar|Neutral_Bone,1,580,580,0.8051724137931034,0.8021511988122976
NonNative_InEar,2,Native_InEar|Neutral_Bone,2,580,580,0.8137931034482758,0.8109480195876937
NonNative_InEar,2,Native_InEar|Neutral_Bone,3,580,580,0.8103448275862069,0.8083251193674036
NonNative_InEar,2,Native_InEar|Neutral_Bone,4,580,580,0.8362068965517241,0.8346760136798057
NonNative_InEar,2,Native_InEar|Neutral_Bone,5,580,580,0.8103448275862069,0.8089486817531581
NonNative_InEar,2,Native_InEar|Neutral_Bone,6,580,580,0.8120689655172414,0.8107436535025518
NonNative_InEar,2,Native_InEar|Neutral_Bone,7,580,580,0.803448275862069,0.8012718427675164
NonNative_InEar,2,Native_InEar|Neutral_Bone,8,580,580,0.8120689655172414,0.8107611669269936
NonNative_InEar,2,Native_InEar|Neutral_Bone,9,580,580,0.8241379310344827,0.8226814106802607
NonNative_InEar,2,Native_InEar|Neutral_Bone,10,580,580,0.8172413793103448,0.8143567731617649
NonNative_InEar,2,Neutral_InEar|Native_Bone,1,580,580,0.7603448275862069,0.7598253856335024
NonNative_InEar,2,Neutral_InEar|Native_Bone,2,580,580,0.7775862068965518,0.7740185184571069
NonNative_InEar,2,Neutral_InEar|Native_Bone,3,580,580,0.7603448275862069,0.7571475015607334
NonNative_InEar,2,Neutral_InEar|Native_Bone,4,580,580,0.7637931034482759,0.7638562794108107
NonNative_InEar,2,Neutral_InEar|Native_Bone,5,580,580,0.7913793103448276,0.7912713365928148
NonNative_InEar,2,Neutral_InEar|Native_Bone,6,580,580,0.7689655172413793,0.7623119884781212
NonNative_InEar,2,Neutral_InEar|Native_Bone,7,580,580,0.7741379310344828,0.7728066937623456
NonNative_InEar,2,Neutral_InEar|Native_Bone,8,580,580,0.7586206896551724,0.7565856744097165
NonNative_InEar,2,Neutral_InEar|Native_Bone,9,580,580,0.756896551724138,0.7542172659793865
NonNative_InEar,2,Neutral_InEar|Native_Bone,10,580,580,0.7655172413793103,0.7641446186989114
NonNative_InEar,2,Neutral_InEar|NonNative_Bone,1,580,580,0.7793103448275862,0.7770494867847494
NonNative_InEar,2,Neutral_InEar|NonNative_Bone,2,580,580,0.756896551724138,0.7555220499899687
NonNative_InEar,2,Neutral_InEar|NonNative_Bone,3,580,580,0.746551724137931,0.7456163184087976
NonNative_InEar,2,Neutral_InEar|NonNative_Bone,4,580,580,0.7879310344827586,0.7869185780022342
NonNative_InEar,2,Neutral_InEar|NonNative_Bone,5,580,580,0.746551724137931,0.7421086496376514
NonNative_InEar,2,Neutral_InEar|NonNative_Bone,6,580,580,0.7741379310344828,0.7725522156353373
NonNative_InEar,2,Neutral_InEar|NonNative_Bone,7,580,580,0.7931034482758621,0.7915105959488177
NonNative_InEar,2,Neutral_InEar|NonNative_Bone,8,580,580,0.7379310344827587,0.7357700703782828
NonNative_InEar,2,Neutral_InEar|NonNative_Bone,9,580,580,0.7810344827586206,0.7798303522025288
NonNative_InEar,2,Neutral_InEar|NonNative_Bone,10,580,580,0.7879310344827586,0.7864257060572049
NonNative_InEar,2,Neutral_InEar|Neutral_Bone,1,580,580,0.743103448275862,0.7421417414966622
NonNative_InEar,2,Neutral_InEar|Neutral_Bone,2,580,580,0.7517241379310344,0.7476616278225175
NonNative_InEar,2,Neutral_InEar|Neutral_Bone,3,580,580,0.7310344827586207,0.7251949000279324
NonNative_InEar,2,Neutral_InEar|Neutral_Bone,4,580,580,0.7620689655172413,0.7604579694703475
NonNative_InEar,2,Neutral_InEar|Neutral_Bone,5,580,580,0.7362068965517241,0.7358047693385977
NonNative_InEar,2,Neutral_InEar|Neutral_Bone,6,580,580,0.7396551724137931,0.7365423254582628
NonNative_InEar,2,Neutral_InEar|Neutral_Bone,7,580,580,0.7310344827586207,0.7282891617828117
NonNative_InEar,2,Neutral_InEar|Neutral_Bone,8,580,580,0.7551724137931034,0.7512764970986048
NonNative_InEar,2,Neutral_InEar|Neutral_Bone,9,580,580,0.7482758620689656,0.7449977158622686
NonNative_InEar,2,Neutral_InEar|Neutral_Bone,10,580,580,0.7344827586206897,0.7310422707440634
NonNative_InEar,2,Native_Bone|NonNative_Bone,1,580,580,0.7896551724137931,0.7875865663866406
NonNative_InEar,2,Native_Bone|NonNative_Bone,2,580,580,0.7448275862068966,0.7419327859345501
NonNative_InEar,2,Native_Bone|NonNative_Bone,3,580,580,0.7586206896551724,0.7568153454710944
NonNative_InEar,2,Native_Bone|NonNative_Bone,4,580,580,0.7862068965517242,0.780784021824383
NonNative_InEar,2,Native_Bone|NonNative_Bone,5,580,580,0.7655172413793103,0.7614064715203693
NonNative_InEar,2,Native_Bone|NonNative_Bone,6,580,580,0.7689655172413793,0.7638089663809868
NonNative_InEar,2,Native_Bone|NonNative_Bone,7,580,580,0.7741379310344828,0.770999734832759
NonNative_InEar,2,Native_Bone|NonNative_Bone,8,580,580,0.7482758620689656,0.7437454721030824
NonNative_InEar,2,Native_Bone|NonNative_Bone,9,580,580,0.7672413793103449,0.7662695374030852
NonNative_InEar,2,Native_Bone|NonNative_Bone,10,580,580,0.7637931034482759,0.7631924813620528
NonNative_InEar,2,Native_Bone|Neutral_Bone,1,580,580,0.7293103448275862,0.7260810921591649
NonNative_InEar,2,Native_Bone|Neutral_Bone,2,580,580,0.7293103448275862,0.7250596226286778
NonNative_InEar,2,Native_Bone|Neutral_Bone,3,580,580,0.7448275862068966,0.7400631115449977
NonNative_InEar,2,Native_Bone|Neutral_Bone,4,580,580,0.7258620689655172,0.7222147961820018
NonNative_InEar,2,Native_Bone|Neutral_Bone,5,580,580,0.7241379310344828,0.7210640503401298
NonNative_InEar,2,Native_Bone|Neutral_Bone,6,580,580,0.75,0.7490537940662559
NonNative_InEar,2,Native_Bone|Neutral_Bone,7,580,580,0.7344827586206897,0.7313555443834735
NonNative_InEar,2,Native_Bone|Neutral_Bone,8,580,580,0.7362068965517241,0.7319759540336195
NonNative_InEar,2,Native_Bone|Neutral_Bone,9,580,580,0.7155172413793104,0.7138164100459891
NonNative_InEar,2,Native_Bone|Neutral_Bone,10,580,580,0.7103448275862069,0.7048602885418537
NonNative_InEar,2,NonNative_Bone|Neutral_Bone,1,580,580,0.7551724137931034,0.7504535431617262
NonNative_InEar,2,NonNative_Bone|Neutral_Bone,2,580,580,0.7327586206896551,0.7299328307834632
NonNative_InEar,2,NonNative_Bone|Neutral_Bone,3,580,580,0.7241379310344828,0.714778855875448
NonNative_InEar,2,NonNative_Bone|Neutral_Bone,4,580,580,0.743103448275862,0.7385263234824984
NonNative_InEar,2,NonNative_Bone|Neutral_Bone,5,580,580,0.753448275862069,0.748902728771043
NonNative_InEar,2,NonNative_Bone|Neutral_Bone,6,580,580,0.7655172413793103,0.7615965889692875
NonNative_InEar,2,NonNative_Bone|Neutral_Bone,7,580,580,0.7689655172413793,0.7651554951490694
NonNative_InEar,2,NonNative_Bone|Neutral_Bone,8,580,580,0.7810344827586206,0.7757431018351827
NonNative_InEar,2,NonNative_Bone|Neutral_Bone,9,580,580,0.7551724137931034,0.7534764026624494
NonNative_InEar,2,NonNative_Bone|Neutral_Bone,10,580,580,0.746551724137931,0.7424087725728864
NonNative_InEar,3,Native_InEar|Neutral_InEar|Native_Bone,1,580,580,0.803448275862069,0.8015769257795675
NonNative_InEar,3,Native_InEar|Neutral_InEar|Native_Bone,2,580,580,0.7896551724137931,0.7867805132909524
NonNative_InEar,3,Native_InEar|Neutral_InEar|Native_Bone,3,580,580,0.803448275862069,0.8031028747881864
NonNative_InEar,3,Native_InEar|Neutral_InEar|Native_Bone,4,580,580,0.7948275862068965,0.7923085005660456
NonNative_InEar,3,Native_InEar|Neutral_InEar|Native_Bone,5,580,580,0.8017241379310345,0.8014896862008326
NonNative_InEar,3,Native_InEar|Neutral_InEar|Native_Bone,6,580,580,0.8120689655172414,0.8119867071193845
NonNative_InEar,3,Native_InEar|Neutral_InEar|Native_Bone,7,580,580,0.7982758620689655,0.795588875513247
NonNative_InEar,3,Native_InEar|Neutral_InEar|Native_Bone,8,580,580,0.8103448275862069,0.8078819003911418
NonNative_InEar,3,Native_InEar|Neutral_InEar|Native_Bone,9,580,580,0.7896551724137931,0.7877890576795783
NonNative_InEar,3,Native_InEar|Neutral_InEar|Native_Bone,10,580,580,0.8120689655172414,0.8096120439825866
NonNative_InEar,3,Native_InEar|Neutral_InEar|NonNative_Bone,1,580,580,0.7931034482758621,0.7931391843801996
NonNative_InEar,3,Native_InEar|Neutral_InEar|NonNative_Bone,2,580,580,0.7896551724137931,0.7873922273139276
NonNative_InEar,3,Native_InEar|Neutral_InEar|NonNative_Bone,3,580,580,0.7689655172413793,0.7689187381851516
NonNative_InEar,3,Native_InEar|Neutral_InEar|NonNative_Bone,4,580,580,0.8137931034482758,0.8113361479908752
NonNative_InEar,3,Native_InEar|Neutral_InEar|NonNative_Bone,5,580,580,0.7724137931034483,0.7694044084055368
NonNative_InEar,3,Native_InEar|Neutral_InEar|NonNative_Bone,6,580,580,0.8155172413793104,0.8140887115253316
NonNative_InEar,3,Native_InEar|Neutral_InEar|NonNative_Bone,7,580,580,0.8068965517241379,0.8062486041428073
NonNative_InEar,3,Native_InEar|Neutral_InEar|NonNative_Bone,8,580,580,0.7913793103448276,0.7915127731813053
NonNative_InEar,3,Native_InEar|Neutral_InEar|NonNative_Bone,9,580,580,0.8068965517241379,0.8065325743418971
NonNative_InEar,3,Native_InEar|Neutral_InEar|NonNative_Bone,10,580,580,0.7896551724137931,0.7895460164867105
NonNative_InEar,3,Native_InEar|Neutral_InEar|Neutral_Bone,1,580,580,0.8206896551724138,0.8206503470651327
NonNative_InEar,3,Native_InEar|Neutral_InEar|Neutral_Bone,2,580,580,0.8017241379310345,0.8004056927653072
NonNative_InEar,3,Native_InEar|Neutral_InEar|Neutral_Bone,3,580,580,0.8120689655172414,0.8108338925715834
NonNative_InEar,3,Native_InEar|Neutral_InEar|Neutral_Bone,4,580,580,0.7982758620689655,0.7948960573991124
NonNative_InEar,3,Native_InEar|Neutral_InEar|Neutral_Bone,5,580,580,0.8189655172413793,0.8174841411595848
NonNative_InEar,3,Native_InEar|Neutral_InEar|Neutral_Bone,6,580,580,0.8310344827586207,0.8289529349690534
NonNative_InEar,3,Native_InEar|Neutral_InEar|Neutral_Bone,7,580,580,0.7896551724137931,0.7866108648632728
NonNative_InEar,3,Native_InEar|Neutral_InEar|Neutral_Bone,8,580,580,0.8155172413793104,0.8165223109695485
NonNative_InEar,3,Native_InEar|Neutral_InEar|Neutral_Bone,9,580,580,0.8155172413793104,0.8134322252763241
NonNative_InEar,3,Native_InEar|Neutral_InEar|Neutral_Bone,10,580,580,0.8017241379310345,0.8019159288670608
NonNative_InEar,3,Native_InEar|Native_Bone|NonNative_Bone,1,580,580,0.8086206896551724,0.8039615542095314
NonNative_InEar,3,Native_InEar|Native_Bone|NonNative_Bone,2,580,580,0.8137931034482758,0.8125012906306368
NonNative_InEar,3,Native_InEar|Native_Bone|NonNative_Bone,3,580,580,0.7931034482758621,0.7910279311326149
NonNative_InEar,3,Native_InEar|Native_Bone|NonNative_Bone,4,580,580,0.8155172413793104,0.8114706650907662
NonNative_InEar,3,Native_InEar|Native_Bone|NonNative_Bone,5,580,580,0.7689655172413793,0.7667422333715254
NonNative_InEar,3,Native_InEar|Native_Bone|NonNative_Bone,6,580,580,0.803448275862069,0.7997762607016313
NonNative_InEar,3,Native_InEar|Native_Bone|NonNative_Bone,7,580,580,0.7965517241379311,0.7949991634551979
NonNative_InEar,3,Native_InEar|Native_Bone|NonNative_Bone,8,580,580,0.8,0.7965464060323695
NonNative_InEar,3,Native_InEar|Native_Bone|NonNative_Bone,9,580,580,0.7965517241379311,0.7929451541720184
NonNative_InEar,3,Native_InEar|Native_Bone|NonNative_Bone,10,580,580,0.8086206896551724,0.8053505133929594
NonNative_InEar,3,Native_InEar|Native_Bone|Neutral_Bone,1,580,580,0.803448275862069,0.8021852588956255
NonNative_InEar,3,Native_InEar|Native_Bone|Neutral_Bone,2,580,580,0.8155172413793104,0.8139024033017174
NonNative_InEar,3,Native_InEar|Native_Bone|Neutral_Bone,3,580,580,0.7810344827586206,0.7793942750478478
NonNative_InEar,3,Native_InEar|Native_Bone|Neutral_Bone,4,580,580,0.7948275862068965,0.7917359189773607
NonNative_InEar,3,Native_InEar|Native_Bone|Neutral_Bone,5,580,580,0.8120689655172414,0.8113802054094622
NonNative_InEar,3,Native_InEar|Native_Bone|Neutral_Bone,6,580,580,0.7793103448275862,0.7783680200116861
NonNative_InEar,3,Native_InEar|Native_Bone|Neutral_Bone,7,580,580,0.7965517241379311,0.7956029870826075
NonNative_InEar,3,Native_InEar|Native_Bone|Neutral_Bone,8,580,580,0.7827586206896552,0.7800864049535344
NonNative_InEar,3,Native_InEar|Native_Bone|Neutral_Bone,9,580,580,0.7948275862068965,0.7920259493958498
NonNative_InEar,3,Native_InEar|Native_Bone|Neutral_Bone,10,580,580,0.8,0.7986068849886725
NonNative_InEar,3,Native_InEar|NonNative_Bone|Neutral_Bone,1,580,580,0.7689655172413793,0.7673203757437497
NonNative_InEar,3,Native_InEar|NonNative_Bone|Neutral_Bone,2,580,580,0.8068965517241379,0.8056133004441921
NonNative_InEar,3,Native_InEar|NonNative_Bone|Neutral_Bone,3,580,580,0.7931034482758621,0.7916035031148942
NonNative_InEar,3,Native_InEar|NonNative_Bone|Neutral_Bone,4,580,580,0.8172413793103448,0.8162189290778757
NonNative_InEar,3,Native_InEar|NonNative_Bone|Neutral_Bone,5,580,580,0.8068965517241379,0.8047567154918074
NonNative_InEar,3,Native_InEar|NonNative_Bone|Neutral_Bone,6,580,580,0.8155172413793104,0.8133220560354483
NonNative_InEar,3,Native_InEar|NonNative_Bone|Neutral_Bone,7,580,580,0.7724137931034483,0.7700362769791635
NonNative_InEar,3,Native_InEar|NonNative_Bone|Neutral_Bone,8,580,580,0.7965517241379311,0.7956100996877951
NonNative_InEar,3,Native_InEar|NonNative_Bone|Neutral_Bone,9,580,580,0.7948275862068965,0.7937044323318133
NonNative_InEar,3,Native_InEar|NonNative_Bone|Neutral_Bone,10,580,580,0.7948275862068965,0.7905949237674115
NonNative_InEar,3,Neutral_InEar|Native_Bone|NonNative_Bone,1,580,580,0.7965517241379311,0.7962265294075814
NonNative_InEar,3,Neutral_InEar|Native_Bone|NonNative_Bone,2,580,580,0.7637931034482759,0.7592148262311479
NonNative_InEar,3,Neutral_InEar|Native_Bone|NonNative_Bone,3,580,580,0.7775862068965518,0.7726867533750209
NonNative_InEar,3,Neutral_InEar|Native_Bone|NonNative_Bone,4,580,580,0.7672413793103449,0.7680578931307668
NonNative_InEar,3,Neutral_InEar|Native_Bone|NonNative_Bone,5,580,580,0.7637931034482759,0.7580296537286083
NonNative_InEar,3,Neutral_InEar|Native_Bone|NonNative_Bone,6,580,580,0.7517241379310344,0.7521128689961722
NonNative_InEar,3,Neutral_InEar|Native_Bone|NonNative_Bone,7,580,580,0.7655172413793103,0.7618423316567883
NonNative_InEar,3,Neutral_InEar|Native_Bone|NonNative_Bone,8,580,580,0.7844827586206896,0.7797279113057278
NonNative_InEar,3,Neutral_InEar|Native_Bone|NonNative_Bone,9,580,580,0.8086206896551724,0.8069538105148375
NonNative_InEar,3,Neutral_InEar|Native_Bone|NonNative_Bone,10,580,580,0.7724137931034483,0.7699590682491628
NonNative_InEar,3,Neutral_InEar|Native_Bone|Neutral_Bone,1,580,580,0.7379310344827587,0.7342506299857573
NonNative_InEar,3,Neutral_InEar|Native_Bone|Neutral_Bone,2,580,580,0.7741379310344828,0.773074120207575
NonNative_InEar,3,Neutral_InEar|Native_Bone|Neutral_Bone,3,580,580,0.7775862068965518,0.7730245939962244
NonNative_InEar,3,Neutral_InEar|Native_Bone|Neutral_Bone,4,580,580,0.7689655172413793,0.7653509793398997
NonNative_InEar,3,Neutral_InEar|Native_Bone|Neutral_Bone,5,580,580,0.7741379310344828,0.7701998422773795
NonNative_InEar,3,Neutral_InEar|Native_Bone|Neutral_Bone,6,580,580,0.7706896551724138,0.767478571992221
NonNative_InEar,3,Neutral_InEar|Native_Bone|Neutral_Bone,7,580,580,0.7672413793103449,0.7626250568537085
NonNative_InEar,3,Neutral_InEar|Native_Bone|Neutral_Bone,8,580,580,0.75,0.7406991871363
NonNative_InEar,3,Neutral_InEar|Native_Bone|Neutral_Bone,9,580,580,0.7672413793103449,0.7651766102554273
NonNative_InEar,3,Neutral_InEar|Native_Bone|Neutral_Bone,10,580,580,0.7672413793103449,0.7616987937695788
NonNative_InEar,3,Neutral_InEar|NonNative_Bone|Neutral_Bone,1,580,580,0.7741379310344828,0.77371711117651
NonNative_InEar,3,Neutral_InEar|NonNative_Bone|Neutral_Bone,2,580,580,0.7689655172413793,0.7676514400546941
NonNative_InEar,3,Neutral_InEar|NonNative_Bone|Neutral_Bone,3,580,580,0.7603448275862069,0.7567207014456422
NonNative_InEar,3,Neutral_InEar|NonNative_Bone|Neutral_Bone,4,580,580,0.7896551724137931,0.7876528072461314
NonNative_InEar,3,Neutral_InEar|NonNative_Bone|Neutral_Bone,5,580,580,0.7672413793103449,0.7653897127636232
NonNative_InEar,3,Neutral_InEar|NonNative_Bone|Neutral_Bone,6,580,580,0.7655172413793103,0.7648913076371793
NonNative_InEar,3,Neutral_InEar|NonNative_Bone|Neutral_Bone,7,580,580,0.7603448275862069,0.7579861687765372
NonNative_InEar,3,Neutral_InEar|NonNative_Bone|Neutral_Bone,8,580,580,0.7482758620689656,0.7459886792343966
NonNative_InEar,3,Neutral_InEar|NonNative_Bone|Neutral_Bone,9,580,580,0.7689655172413793,0.7690159526465411
NonNative_InEar,3,Neutral_InEar|NonNative_Bone|Neutral_Bone,10,580,580,0.7689655172413793,0.7660016111298504
NonNative_InEar,3,Native_Bone|NonNative_Bone|Neutral_Bone,1,580,580,0.7482758620689656,0.7448074363497447
NonNative_InEar,3,Native_Bone|NonNative_Bone|Neutral_Bone,2,580,580,0.7758620689655172,0.7709966636718195
NonNative_InEar,3,Native_Bone|NonNative_Bone|Neutral_Bone,3,580,580,0.7637931034482759,0.7613214050646667
NonNative_InEar,3,Native_Bone|NonNative_Bone|Neutral_Bone,4,580,580,0.7655172413793103,0.761820889800567
NonNative_InEar,3,Native_Bone|NonNative_Bone|Neutral_Bone,5,580,580,0.7689655172413793,0.7677401623349825
NonNative_InEar,3,Native_Bone|NonNative_Bone|Neutral_Bone,6,580,580,0.7586206896551724,0.7543809376470144
NonNative_InEar,3,Native_Bone|NonNative_Bone|Neutral_Bone,7,580,580,0.7810344827586206,0.7758258688135657
NonNative_InEar,3,Native_Bone|NonNative_Bone|Neutral_Bone,8,580,580,0.7775862068965518,0.7753275232677724
NonNative_InEar,3,Native_Bone|NonNative_Bone|Neutral_Bone,9,580,580,0.7689655172413793,0.7608161826770017
NonNative_InEar,3,Native_Bone|NonNative_Bone|Neutral_Bone,10,580,580,0.7655172413793103,0.7620808996632341
NonNative_InEar,5,Native_InEar|Neutral_InEar|Native_Bone|NonNative_Bone|Neutral_Bone,1,580,580,0.8,0.799206341062573
NonNative_InEar,5,Native_InEar|Neutral_InEar|Native_Bone|NonNative_Bone|Neutral_Bone,2,580,580,0.7913793103448276,0.7897527184429719
NonNative_InEar,5,Native_InEar|Neutral_InEar|Native_Bone|NonNative_Bone|Neutral_Bone,3,580,580,0.7965517241379311,0.7935174088873634
NonNative_InEar,5,Native_InEar|Neutral_InEar|Native_Bone|NonNative_Bone|Neutral_Bone,4,580,580,0.8,0.7986213304972337
NonNative_InEar,5,Native_InEar|Neutral_InEar|Native_Bone|NonNative_Bone|Neutral_Bone,5,580,580,0.8,0.7985189002456864
NonNative_InEar,5,Native_InEar|Neutral_InEar|Native_Bone|NonNative_Bone|Neutral_Bone,6,580,580,0.803448275862069,0.7977786271015159
NonNative_InEar,5,Native_InEar|Neutral_InEar|Native_Bone|NonNative_Bone|Neutral_Bone,7,580,580,0.7758620689655172,0.7746618159306942
NonNative_InEar,5,Native_InEar|Neutral_InEar|Native_Bone|NonNative_Bone|Neutral_Bone,8,580,580,0.8068965517241379,0.8049225365358936
NonNative_InEar,5,Native_InEar|Neutral_InEar|Native_Bone|NonNative_Bone|Neutral_Bone,9,580,580,0.7706896551724138,0.7633279117750611
NonNative_InEar,5,Native_InEar|Neutral_InEar|Native_Bone|NonNative_Bone|Neutral_Bone,10,580,580,0.7931034482758621,0.7922044555506385
Neutral_InEar,1,Native_InEar,1,580,580,0.7844827586206896,0.7752077683062774
Neutral_InEar,1,Native_InEar,2,580,580,0.7931034482758621,0.7826407710451599
Neutral_InEar,1,Native_InEar,3,580,580,0.7896551724137931,0.7809815793621261
Neutral_InEar,1,Native_InEar,4,580,580,0.7931034482758621,0.7823106750067065
Neutral_InEar,1,Native_InEar,5,580,580,0.7913793103448276,0.7803168153132253
Neutral_InEar,1,Native_InEar,6,580,580,0.7810344827586206,0.7718680510114788
Neutral_InEar,1,Native_InEar,7,580,580,0.7913793103448276,0.7828110128768864
Neutral_InEar,1,Native_InEar,8,580,580,0.7896551724137931,0.7805764193661524
Neutral_InEar,1,Native_InEar,9,580,580,0.7793103448275862,0.7684401981902028
Neutral_InEar,1,Native_InEar,10,580,580,0.7810344827586206,0.77183430093396
Neutral_InEar,1,NonNative_InEar,1,580,580,0.7931034482758621,0.7775801777976994
Neutral_InEar,1,NonNative_InEar,2,580,580,0.7775862068965518,0.76331208947327
Neutral_InEar,1,NonNative_InEar,3,580,580,0.7896551724137931,0.7729853077246552
Neutral_InEar,1,NonNative_InEar,4,580,580,0.7844827586206896,0.7670497315923781
Neutral_InEar,1,NonNative_InEar,5,580,580,0.8017241379310345,0.7885391233299577
Neutral_InEar,1,NonNative_InEar,6,580,580,0.8,0.7871976614852669
Neutral_InEar,1,NonNative_InEar,7,580,580,0.7931034482758621,0.776709134220771
Neutral_InEar,1,NonNative_InEar,8,580,580,0.8051724137931034,0.7904649097397407
Neutral_InEar,1,NonNative_InEar,9,580,580,0.8068965517241379,0.793091989496851
Neutral_InEar,1,NonNative_InEar,10,580,580,0.803448275862069,0.790481099742868
Neutral_InEar,1,Native_Bone,1,580,580,0.6862068965517242,0.6698368007150488
Neutral_InEar,1,Native_Bone,2,580,580,0.6706896551724137,0.6526879649972532
Neutral_InEar,1,Native_Bone,3,580,580,0.6655172413793103,0.6457741569748092
Neutral_InEar,1,Native_Bone,4,580,580,0.6741379310344827,0.654120255880103
Neutral_InEar,1,Native_Bone,5,580,580,0.6827586206896552,0.6634065722052637
Neutral_InEar,1,Native_Bone,6,580,580,0.6775862068965517,0.6580668114500593
Neutral_InEar,1,Native_Bone,7,580,580,0.6620689655172414,0.640944942220317
Neutral_InEar,1,Native_Bone,8,580,580,0.6741379310344827,0.6564309805312496
Neutral_InEar,1,Native_Bone,9,580,580,0.656896551724138,0.6352215055460172
Neutral_InEar,1,Native_Bone,10,580,580,0.6862068965517242,0.6663133333395133
Neutral_InEar,1,NonNative_Bone,1,580,580,0.7741379310344828,0.7720643036919534
Neutral_InEar,1,NonNative_Bone,2,580,580,0.7793103448275862,0.777356407145922
Neutral_InEar,1,NonNative_Bone,3,580,580,0.7810344827586206,0.778436643643329
Neutral_InEar,1,NonNative_Bone,4,580,580,0.7827586206896552,0.7807536742576826
Neutral_InEar,1,NonNative_Bone,5,580,580,0.7793103448275862,0.7776274670107327
Neutral_InEar,1,NonNative_Bone,6,580,580,0.7637931034482759,0.76102570960208
Neutral_InEar,1,NonNative_Bone,7,580,580,0.7724137931034483,0.7717635220553588
Neutral_InEar,1,NonNative_Bone,8,580,580,0.7810344827586206,0.7785579154396062
Neutral_InEar,1,NonNative_Bone,9,580,580,0.7775862068965518,0.7759318137894027
Neutral_InEar,1,NonNative_Bone,10,580,580,0.7706896551724138,0.7690148698056523
Neutral_InEar,1,Neutral_Bone,1,580,580,0.7241379310344828,0.7079436903074577
Neutral_InEar,1,Neutral_Bone,2,580,580,0.7275862068965517,0.707328306675153
Neutral_InEar,1,Neutral_Bone,3,580,580,0.7413793103448276,0.7252107879597023
Neutral_InEar,1,Neutral_Bone,4,580,580,0.7344827586206897,0.7160333747858374
Neutral_InEar,1,Neutral_Bone,5,580,580,0.7258620689655172,0.7078439278169959
Neutral_InEar,1,Neutral_Bone,6,580,580,0.7241379310344828,0.7044799556668246
Neutral_InEar,1,Neutral_Bone,7,580,580,0.7103448275862069,0.6910596690318653
Neutral_InEar,1,Neutral_Bone,8,580,580,0.7034482758620689,0.6854628638491659
Neutral_InEar,1,Neutral_Bone,9,580,580,0.7379310344827587,0.7233173604107164
Neutral_InEar,1,Neutral_Bone,10,580,580,0.7189655172413794,0.6975623088982782
Neutral_InEar,2,Native_InEar|NonNative_InEar,1,580,580,0.8086206896551724,0.7940097810100785
Neutral_InEar,2,Native_InEar|NonNative_InEar,2,580,580,0.7758620689655172,0.7593479130412476
Neutral_InEar,2,Native_InEar|NonNative_InEar,3,580,580,0.7982758620689655,0.7874252023078216
Neutral_InEar,2,Native_InEar|NonNative_InEar,4,580,580,0.8086206896551724,0.7978584127378159
Neutral_InEar,2,Native_InEar|NonNative_InEar,5,580,580,0.8155172413793104,0.8022739602795269
Neutral_InEar,2,Native_InEar|NonNative_InEar,6,580,580,0.8396551724137931,0.830819540320066
Neutral_InEar,2,Native_InEar|NonNative_InEar,7,580,580,0.7965517241379311,0.7852941730322407
Neutral_InEar,2,Native_InEar|NonNative_InEar,8,580,580,0.8137931034482758,0.8025799127171129
Neutral_InEar,2,Native_InEar|NonNative_InEar,9,580,580,0.8189655172413793,0.8035011462670077
Neutral_InEar,2,Native_InEar|NonNative_InEar,10,580,580,0.7931034482758621,0.7813869502677845
Neutral_InEar,2,Native_InEar|Native_Bone,1,580,580,0.8017241379310345,0.7929083323225845
Neutral_InEar,2,Native_InEar|Native_Bone,2,580,580,0.7913793103448276,0.7833876878657822
Neutral_InEar,2,Native_InEar|Native_Bone,3,580,580,0.7758620689655172,0.7658972629806222
Neutral_InEar,2,Native_InEar|Native_Bone,4,580,580,0.7879310344827586,0.7757839250728382
Neutral_InEar,2,Native_InEar|Native_Bone,5,580,580,0.7862068965517242,0.7754945535666142
Neutral_InEar,2,Native_InEar|Native_Bone,6,580,580,0.7827586206896552,0.7751550285564996
Neutral_InEar,2,Native_InEar|Native_Bone,7,580,580,0.7793103448275862,0.773260575858946
Neutral_InEar,2,Native_InEar|Native_Bone,8,580,580,0.7879310344827586,0.7770901696368685
Neutral_InEar,2,Native_InEar|Native_Bone,9,580,580,0.7741379310344828,0.7671012290187201
Neutral_InEar,2,Native_InEar|Native_Bone,10,580,580,0.7948275862068965,0.7859543003474434
Neutral_InEar,2,Native_InEar|NonNative_Bone,1,580,580,0.7948275862068965,0.7908136515473226
Neutral_InEar,2,Native_InEar|NonNative_Bone,2,580,580,0.8068965517241379,0.8016801866224392
Neutral_InEar,2,Native_InEar|NonNative_Bone,3,580,580,0.8258620689655173,0.8208340482681414
Neutral_InEar,2,Native_InEar|NonNative_Bone,4,580,580,0.8310344827586207,0.8274352861596193
Neutral_InEar,2,Native_InEar|NonNative_Bone,5,580,580,0.8344827586206897,0.8257018366380052
Neutral_InEar,2,Native_InEar|NonNative_Bone,6,580,580,0.8120689655172414,0.8081623943410493
Neutral_InEar,2,Native_InEar|NonNative_Bone,7,580,580,0.8172413793103448,0.8135759984368498
Neutral_InEar,2,Native_InEar|NonNative_Bone,8,580,580,0.8241379310344827,0.8186746504206445
Neutral_InEar,2,Native_InEar|NonNative_Bone,9,580,580,0.7965517241379311,0.7902923490629962
Neutral_InEar,2,Native_InEar|NonNative_Bone,10,580,580,0.8051724137931034,0.7988030639009136
Neutral_InEar,2,Native_InEar|Neutral_Bone,1,580,580,0.8310344827586207,0.8217442519252252
Neutral_InEar,2,Native_InEar|Neutral_Bone,2,580,580,0.8137931034482758,0.8039348431466327
Neutral_InEar,2,Native_InEar|Neutral_Bone,3,580,580,0.8086206896551724,0.8035730590780652
Neutral_InEar,2,Native_InEar|Neutral_Bone,4,580,580,0.8413793103448276,0.8355981774988159
Neutral_InEar,2,Native_InEar|Neutral_Bone,5,580,580,0.8206896551724138,0.8125689518984587
Neutral_InEar,2,Native_InEar|Neutral_Bone,6,580,580,0.8327586206896552,0.8267241503143872
Neutral_InEar,2,Native_InEar|Neutral_Bone,7,580,580,0.8448275862068966,0.8385946651854148
Neutral_InEar,2,Native_InEar|Neutral_Bone,8,580,580,0.8379310344827586,0.833094406146078
Neutral_InEar,2,Native_InEar|Neutral_Bone,9,580,580,0.8310344827586207,0.8245616486415459
Neutral_InEar,2,Native_InEar|Neutral_Bone,10,580,580,0.8206896551724138,0.8173813267630061
Neutral_InEar,2,NonNative_InEar|Native_Bone,1,580,580,0.75,0.7328771224922991
Neutral_InEar,2,NonNative_InEar|Native_Bone,2,580,580,0.7913793103448276,0.784253492165241
Neutral_InEar,2,NonNative_InEar|Native_Bone,3,580,580,0.7810344827586206,0.7708165114510478
Neutral_InEar,2,NonNative_InEar|Native_Bone,4,580,580,0.7706896551724138,0.7614567716379094
Neutral_InEar,2,NonNative_InEar|Native_Bone,5,580,580,0.8068965517241379,0.7988209371480686
Neutral_InEar,2,NonNative_InEar|Native_Bone,6,580,580,0.7758620689655172,0.7629790390539388
Neutral_InEar,2,NonNative_InEar|Native_Bone,7,580,580,0.7758620689655172,0.7682703918684906
Neutral_InEar,2,NonNative_InEar|Native_Bone,8,580,580,0.7793103448275862,0.7696395226223895
Neutral_InEar,2,NonNative_InEar|Native_Bone,9,580,580,0.7793103448275862,0.7704276671018394
Neutral_InEar,2,NonNative_InEar|Native_Bone,10,580,580,0.7758620689655172,0.7682886003538439
Neutral_InEar,2,NonNative_InEar|NonNative_Bone,1,580,580,0.7913793103448276,0.7841473271250743
Neutral_InEar,2,NonNative_InEar|NonNative_Bone,2,580,580,0.8103448275862069,0.80719526864097
Neutral_InEar,2,NonNative_InEar|NonNative_Bone,3,580,580,0.8206896551724138,0.8145869529625474
Neutral_InEar,2,NonNative_InEar|NonNative_Bone,4,580,580,0.8120689655172414,0.8090237167018236
Neutral_InEar,2,NonNative_InEar|NonNative_Bone,5,580,580,0.8189655172413793,0.8123654003607426
Neutral_InEar,2,NonNative_InEar|NonNative_Bone,6,580,580,0.8103448275862069,0.8014381380424662
Neutral_InEar,2,NonNative_InEar|NonNative_Bone,7,580,580,0.8206896551724138,0.8178842930196695
Neutral_InEar,2,NonNative_InEar|NonNative_Bone,8,580,580,0.8,0.7930608726550903
Neutral_InEar,2,NonNative_InEar|NonNative_Bone,9,580,580,0.8017241379310345,0.7927629193169039
Neutral_InEar,2,NonNative_InEar|NonNative_Bone,10,580,580,0.7931034482758621,0.7871912681982647
Neutral_InEar,2,NonNative_InEar|Neutral_Bone,1,580,580,0.8155172413793104,0.7990610220213407
Neutral_InEar,2,NonNative_InEar|Neutral_Bone,2,580,580,0.8086206896551724,0.7993896190321268
Neutral_InEar,2,NonNative_InEar|Neutral_Bone,3,580,580,0.7965517241379311,0.7825071126290124
Neutral_InEar,2,NonNative_InEar|Neutral_Bone,4,580,580,0.8172413793103448,0.8080297267004607
Neutral_InEar,2,NonNative_InEar|Neutral_Bone,5,580,580,0.8068965517241379,0.7966191208626818
Neutral_InEar,2,NonNative_InEar|Neutral_Bone,6,580,580,0.8224137931034483,0.8132768941945075
Neutral_InEar,2,NonNative_InEar|Neutral_Bone,7,580,580,0.7913793103448276,0.7824215309323224
Neutral_InEar,2,NonNative_InEar|Neutral_Bone,8,580,580,0.8137931034482758,0.8008420484198042
Neutral_InEar,2,NonNative_InEar|Neutral_Bone,9,580,580,0.7948275862068965,0.7792495264889103
Neutral_InEar,2,NonNative_InEar|Neutral_Bone,10,580,580,0.7982758620689655,0.7902945386056599
Neutral_InEar,2,Native_Bone|NonNative_Bone,1,580,580,0.7810344827586206,0.7757158597572456
Neutral_InEar,2,Native_Bone|NonNative_Bone,2,580,580,0.7982758620689655,0.7926116921710897
Neutral_InEar,2,Native_Bone|NonNative_Bone,3,580,580,0.7793103448275862,0.7750974595552158
Neutral_InEar,2,Native_Bone|NonNative_Bone,4,580,580,0.8,0.7983382361426768
Neutral_InEar,2,Native_Bone|NonNative_Bone,5,580,580,0.7775862068965518,0.7726101906347238
Neutral_InEar,2,Native_Bone|NonNative_Bone,6,580,580,0.7982758620689655,0.7929920950418673
Neutral_InEar,2,Native_Bone|NonNative_Bone,7,580,580,0.8,0.796458857045858
Neutral_InEar,2,Native_Bone|NonNative_Bone,8,580,580,0.7637931034482759,0.7582638707991844
Neutral_InEar,2,Native_Bone|NonNative_Bone,9,580,580,0.8103448275862069,0.8075446268106916
Neutral_InEar,2,Native_Bone|NonNative_Bone,10,580,580,0.7879310344827586,0.7845607851605043
Neutral_InEar,2,Native_Bone|Neutral_Bone,1,580,580,0.7793103448275862,0.7725052529387978
Neutral_InEar,2,Native_Bone|Neutral_Bone,2,580,580,0.7793103448275862,0.773895998028681
Neutral_InEar,2,Native_Bone|Neutral_Bone,3,580,580,0.746551724137931,0.7434555035053937
Neutral_InEar,2,Native_Bone|Neutral_Bone,4,580,580,0.7724137931034483,0.7667771500428625
Neutral_InEar,2,Native_Bone|Neutral_Bone,5,580,580,0.7724137931034483,0.7689758730782217
Neutral_InEar,2,Native_Bone|Neutral_Bone,6,580,580,0.7775862068965518,0.7740791239072313
Neutral_InEar,2,Native_Bone|Neutral_Bone,7,580,580,0.7827586206896552,0.7756466038364616
Neutral_InEar,2,Native_Bone|Neutral_Bone,8,580,580,0.7672413793103449,0.7596250845313595
Neutral_InEar,2,Native_Bone|Neutral_Bone,9,580,580,0.7844827586206896,0.7791278145878647
Neutral_InEar,2,Native_Bone|Neutral_Bone,10,580,580,0.7603448275862069,0.7543428388542389
Neutral_InEar,2,NonNative_Bone|Neutral_Bone,1,580,580,0.8327586206896552,0.8300602792418804
Neutral_InEar,2,NonNative_Bone|Neutral_Bone,2,580,580,0.8172413793103448,0.8140380235297533
Neutral_InEar,2,NonNative_Bone|Neutral_Bone,3,580,580,0.8086206896551724,0.8051028686224184
Neutral_InEar,2,NonNative_Bone|Neutral_Bone,4,580,580,0.8017241379310345,0.7994566500967271
Neutral_InEar,2,NonNative_Bone|Neutral_Bone,5,580,580,0.8224137931034483,0.8180901821830938
Neutral_InEar,2,NonNative_Bone|Neutral_Bone,6,580,580,0.8137931034482758,0.8119025709511017
Neutral_InEar,2,NonNative_Bone|Neutral_Bone,7,580,580,0.803448275862069,0.8022833754670652
Neutral_InEar,2,NonNative_Bone|Neutral_Bone,8,580,580,0.8068965517241379,0.8039763127481081
Neutral_InEar,2,NonNative_Bone|Neutral_Bone,9,580,580,0.7965517241379311,0.7942550605024568
Neutral_InEar,2,NonNative_Bone|Neutral_Bone,10,580,580,0.8103448275862069,0.8056815890676059
Neutral_InEar,3,Native_InEar|NonNative_InEar|Native_Bone,1,580,580,0.7706896551724138,0.7598898298450296
Neutral_InEar,3,Native_InEar|NonNative_InEar|Native_Bone,2,580,580,0.8068965517241379,0.7938181477151257
Neutral_InEar,3,Native_InEar|NonNative_InEar|Native_Bone,3,580,580,0.7844827586206896,0.7738725443098271
Neutral_InEar,3,Native_InEar|NonNative_InEar|Native_Bone,4,580,580,0.7862068965517242,0.7769918695405825
Neutral_InEar,3,Native_InEar|NonNative_InEar|Native_Bone,5,580,580,0.7879310344827586,0.7772498506909205
Neutral_InEar,3,Native_InEar|NonNative_InEar|Native_Bone,6,580,580,0.8051724137931034,0.7905445545069312
Neutral_InEar,3,Native_InEar|NonNative_InEar|Native_Bone,7,580,580,0.8017241379310345,0.7952629608180535
Neutral_InEar,3,Native_InEar|NonNative_InEar|Native_Bone,8,580,580,0.803448275862069,0.7929995555647528
Neutral_InEar,3,Native_InEar|NonNative_InEar|Native_Bone,9,580,580,0.8068965517241379,0.7930417636517718
Neutral_InEar,3,Native_InEar|NonNative_InEar|Native_Bone,10,580,580,0.803448275862069,0.7959517803935123
Neutral_InEar,3,Native_InEar|NonNative_InEar|NonNative_Bone,1,580,580,0.8293103448275863,0.8242568431349436
Neutral_InEar,3,Native_InEar|NonNative_InEar|NonNative_Bone,2,580,580,0.8103448275862069,0.798755255581387
Neutral_InEar,3,Native_InEar|NonNative_InEar|NonNative_Bone,3,580,580,0.8172413793103448,0.8108520655023599
Neutral_InEar,3,Native_InEar|NonNative_InEar|NonNative_Bone,4,580,580,0.8103448275862069,0.7991218607801969
Neutral_InEar,3,Native_InEar|NonNative_InEar|NonNative_Bone,5,580,580,0.8396551724137931,0.8301951011590493
Neutral_InEar,3,Native_InEar|NonNative_InEar|NonNative_Bone,6,580,580,0.8206896551724138,0.811140646296133
Neutral_InEar,3,Native_InEar|NonNative_InEar|NonNative_Bone,7,580,580,0.7879310344827586,0.782193628173343
Neutral_InEar,3,Native_InEar|NonNative_InEar|NonNative_Bone,8,580,580,0.8172413793103448,0.8107324374934619
Neutral_InEar,3,Native_InEar|NonNative_InEar|NonNative_Bone,9,580,580,0.8189655172413793,0.8148323669134723
Neutral_InEar,3,Native_InEar|NonNative_InEar|NonNative_Bone,10,580,580,0.8155172413793104,0.80832255199132
Neutral_InEar,3,Native_InEar|NonNative_InEar|Neutral_Bone,1,580,580,0.8258620689655173,0.8104729399208643
Neutral_InEar,3,Native_InEar|NonNative_InEar|Neutral_Bone,2,580,580,0.8293103448275863,0.819741237237624
Neutral_InEar,3,Native_InEar|NonNative_InEar|Neutral_Bone,3,580,580,0.8413793103448276,0.8351138513535765
Neutral_InEar,3,Native_InEar|NonNative_InEar|Neutral_Bone,4,580,580,0.8120689655172414,0.8023099619114239
Neutral_InEar,3,Native_InEar|NonNative_InEar|Neutral_Bone,5,580,580,0.8258620689655173,0.8185880642105922
Neutral_InEar,3,Native_InEar|NonNative_InEar|Neutral_Bone,6,580,580,0.8362068965517241,0.8248915088141112
Neutral_InEar,3,Native_InEar|NonNative_InEar|Neutral_Bone,7,580,580,0.8327586206896552,0.8236923564087446
Neutral_InEar,3,Native_InEar|NonNative_InEar|Neutral_Bone,8,580,580,0.8103448275862069,0.7987915661619864
Neutral_InEar,3,Native_InEar|NonNative_InEar|Neutral_Bone,9,580,580,0.8120689655172414,0.7989272639375561
Neutral_InEar,3,Native_InEar|NonNative_InEar|Neutral_Bone,10,580,580,0.8344827586206897,0.8260184135102575
Neutral_InEar,3,Native_InEar|Native_Bone|NonNative_Bone,1,580,580,0.8189655172413793,0.8093561109299602
Neutral_InEar,3,Native_InEar|Native_Bone|NonNative_Bone,2,580,580,0.8224137931034483,0.8177781627724643
Neutral_InEar,3,Native_InEar|Native_Bone|NonNative_Bone,3,580,580,0.7982758620689655,0.7887212805798635
Neutral_InEar,3,Native_InEar|Native_Bone|NonNative_Bone,4,580,580,0.8086206896551724,0.8030773750992187
Neutral_InEar,3,Native_InEar|Native_Bone|NonNative_Bone,5,580,580,0.803448275862069,0.7965450228769914
Neutral_InEar,3,Native_InEar|Native_Bone|NonNative_Bone,6,580,580,0.8224137931034483,0.8119180433229216
Neutral_InEar,3,Native_InEar|Native_Bone|NonNative_Bone,7,580,580,0.8241379310344827,0.8206307334261214
Neutral_InEar,3,Native_InEar|Native_Bone|NonNative_Bone,8,580,580,0.8017241379310345,0.7923196453833283
Neutral_InEar,3,Native_InEar|Native_Bone|NonNative_Bone,9,580,580,0.7965517241379311,0.7880988255547988
Neutral_InEar,3,Native_InEar|Native_Bone|NonNative_Bone,10,580,580,0.7965517241379311,0.7920494856962689
Neutral_InEar,3,Native_InEar|Native_Bone|Neutral_Bone,1,580,580,0.8120689655172414,0.8044043683471818
Neutral_InEar,3,Native_InEar|Native_Bone|Neutral_Bone,2,580,580,0.8137931034482758,0.8059649579256016
Neutral_InEar,3,Native_InEar|Native_Bone|Neutral_Bone,3,580,580,0.8258620689655173,0.8218819471222343
Neutral_InEar,3,Native_InEar|Native_Bone|Neutral_Bone,4,580,580,0.8206896551724138,0.8142491759022086
Neutral_InEar,3,Native_InEar|Native_Bone|Neutral_Bone,5,580,580,0.8327586206896552,0.8251548881395815
Neutral_InEar,3,Native_InEar|Native_Bone|Neutral_Bone,6,580,580,0.843103448275862,0.8346953764023336
Neutral_InEar,3,Native_InEar|Native_Bone|Neutral_Bone,7,580,580,0.8344827586206897,0.8295035780620552
Neutral_InEar,3,Native_InEar|Native_Bone|Neutral_Bone,8,580,580,0.8379310344827586,0.8332305745486824
Neutral_InEar,3,Native_InEar|Native_Bone|Neutral_Bone,9,580,580,0.8327586206896552,0.8244366177111925
Neutral_InEar,3,Native_InEar|Native_Bone|Neutral_Bone,10,580,580,0.7948275862068965,0.7838497080572264
Neutral_InEar,3,Native_InEar|NonNative_Bone|Neutral_Bone,1,580,580,0.8241379310344827,0.8195633298222091
Neutral_InEar,3,Native_InEar|NonNative_Bone|Neutral_Bone,2,580,580,0.8120689655172414,0.8075523390614613
Neutral_InEar,3,Native_InEar|NonNative_Bone|Neutral_Bone,3,580,580,0.8448275862068966,0.8419971905831758
Neutral_InEar,3,Native_InEar|NonNative_Bone|Neutral_Bone,4,580,580,0.8379310344827586,0.8334154192245787
Neutral_InEar,3,Native_InEar|NonNative_Bone|Neutral_Bone,5,580,580,0.8551724137931035,0.8548529162818935
Neutral_InEar,3,Native_InEar|NonNative_Bone|Neutral_Bone,6,580,580,0.8275862068965517,0.8217767382072468
Neutral_InEar,3,Native_InEar|NonNative_Bone|Neutral_Bone,7,580,580,0.846551724137931,0.8468923321046257
Neutral_InEar,3,Native_InEar|NonNative_Bone|Neutral_Bone,8,580,580,0.8482758620689655,0.8411780364402635
Neutral_InEar,3,Native_InEar|NonNative_Bone|Neutral_Bone,9,580,580,0.8241379310344827,0.8199271043697831
Neutral_InEar,3,Native_InEar|NonNative_Bone|Neutral_Bone,10,580,580,0.8120689655172414,0.8074332083075696
Neutral_InEar,3,NonNative_InEar|Native_Bone|NonNative_Bone,1,580,580,0.803448275862069,0.8005457511839571
Neutral_InEar,3,NonNative_InEar|Native_Bone|NonNative_Bone,2,580,580,0.8,0.7939256111286181
Neutral_InEar,3,NonNative_InEar|Native_Bone|NonNative_Bone,3,580,580,0.7913793103448276,0.788399190161335
Neutral_InEar,3,NonNative_InEar|Native_Bone|NonNative_Bone,4,580,580,0.7948275862068965,0.7851080647756731
Neutral_InEar,3,NonNative_InEar|Native_Bone|NonNative_Bone,5,580,580,0.8137931034482758,0.8095148511993104
Neutral_InEar,3,NonNative_InEar|Native_Bone|NonNative_Bone,6,580,580,0.8137931034482758,0.807004845358142
Neutral_InEar,3,NonNative_InEar|Native_Bone|NonNative_Bone,7,580,580,0.7793103448275862,0.775291669715258
Neutral_InEar,3,NonNative_InEar|Native_Bone|NonNative_Bone,8,580,580,0.8155172413793104,0.812665482662714
Neutral_InEar,3,NonNative_InEar|Native_Bone|NonNative_Bone,9,580,580,0.8120689655172414,0.8064872669767986
Neutral_InEar,3,NonNative_InEar|Native_Bone|NonNative_Bone,10,580,580,0.8051724137931034,0.7997065631838407
Neutral_InEar,3,NonNative_InEar|Native_Bone|Neutral_Bone,1,580,580,0.7931034482758621,0.7879642377877684
Neutral_InEar,3,NonNative_InEar|Native_Bone|Neutral_Bone,2,580,580,0.8224137931034483,0.8175046978335556
Neutral_InEar,3,NonNative_InEar|Native_Bone|Neutral_Bone,3,580,580,0.8120689655172414,0.8068947200113173
Neutral_InEar,3,NonNative_InEar|Native_Bone|Neutral_Bone,4,580,580,0.8086206896551724,0.8026486189424837
Neutral_InEar,3,NonNative_InEar|Native_Bone|Neutral_Bone,5,580,580,0.8017241379310345,0.7938195262847842
Neutral_InEar,3,NonNative_InEar|Native_Bone|Neutral_Bone,6,580,580,0.7982758620689655,0.7922885681548437
Neutral_InEar,3,NonNative_InEar|Native_Bone|Neutral_Bone,7,580,580,0.8327586206896552,0.8273569612063657
Neutral_InEar,3,NonNative_InEar|Native_Bone|Neutral_Bone,8,580,580,0.8051724137931034,0.7923491131058015
Neutral_InEar,3,NonNative_InEar|Native_Bone|Neutral_Bone,9,580,580,0.8,0.7904061978956223
Neutral_InEar,3,NonNative_InEar|Native_Bone|Neutral_Bone,10,580,580,0.8448275862068966,0.837095005857595
Neutral_InEar,3,NonNative_InEar|NonNative_Bone|Neutral_Bone,1,580,580,0.8241379310344827,0.8206824435334686
Neutral_InEar,3,NonNative_InEar|NonNative_Bone|Neutral_Bone,2,580,580,0.846551724137931,0.8445191890729158
Neutral_InEar,3,NonNative_InEar|NonNative_Bone|Neutral_Bone,3,580,580,0.8448275862068966,0.8398611755746325
Neutral_InEar,3,NonNative_InEar|NonNative_Bone|Neutral_Bone,4,580,580,0.8396551724137931,0.839665458725497
Neutral_InEar,3,NonNative_InEar|NonNative_Bone|Neutral_Bone,5,580,580,0.8241379310344827,0.819825943097776
Neutral_InEar,3,NonNative_InEar|NonNative_Bone|Neutral_Bone,6,580,580,0.8362068965517241,0.8299051152472898
Neutral_InEar,3,NonNative_InEar|NonNative_Bone|Neutral_Bone,7,580,580,0.8327586206896552,0.8305559015638442
Neutral_InEar,3,NonNative_InEar|NonNative_Bone|Neutral_Bone,8,580,580,0.8206896551724138,0.8180333938775359
Neutral_InEar,3,NonNative_InEar|NonNative_Bone|Neutral_Bone,9,580,580,0.8275862068965517,0.8261987013687749
Neutral_InEar,3,NonNative_InEar|NonNative_Bone|Neutral_Bone,10,580,580,0.8189655172413793,0.8102936001264546
Neutral_InEar,3,Native_Bone|NonNative_Bone|Neutral_Bone,1,580,580,0.8103448275862069,0.8101003589834466
Neutral_InEar,3,Native_Bone|NonNative_Bone|Neutral_Bone,2,580,580,0.8206896551724138,0.8169449864660588
Neutral_InEar,3,Native_Bone|NonNative_Bone|Neutral_Bone,3,580,580,0.8293103448275863,0.8282276985612793
Neutral_InEar,3,Native_Bone|NonNative_Bone|Neutral_Bone,4,580,580,0.8103448275862069,0.8062291832217084
Neutral_InEar,3,Native_Bone|NonNative_Bone|Neutral_Bone,5,580,580,0.8137931034482758,0.8105713955153515
Neutral_InEar,3,Native_Bone|NonNative_Bone|Neutral_Bone,6,580,580,0.8206896551724138,0.8172811540388846
Neutral_InEar,3,Native_Bone|NonNative_Bone|Neutral_Bone,7,580,580,0.8172413793103448,0.8144069603014975
Neutral_InEar,3,Native_Bone|NonNative_Bone|Neutral_Bone,8,580,580,0.8241379310344827,0.8221449433798016
Neutral_InEar,3,Native_Bone|NonNative_Bone|Neutral_Bone,9,580,580,0.7965517241379311,0.7942410732487957
Neutral_InEar,3,Native_Bone|NonNative_Bone|Neutral_Bone,10,580,580,0.8,0.7964089473571527
Neutral_InEar,5,Native_InEar|NonNative_InEar|Native_Bone|NonNative_Bone|Neutral_Bone,1,580,580,0.8310344827586207,0.8293887137959214
Neutral_InEar,5,Native_InEar|NonNative_InEar|Native_Bone|NonNative_Bone|Neutral_Bone,2,580,580,0.846551724137931,0.843803234497108
Neutral_InEar,5,Native_InEar|NonNative_InEar|Native_Bone|NonNative_Bone|Neutral_Bone,3,580,580,0.8206896551724138,0.8142744804190102
Neutral_InEar,5,Native_InEar|NonNative_InEar|Native_Bone|NonNative_Bone|Neutral_Bone,4,580,580,0.8310344827586207,0.8285129860138882
Neutral_InEar,5,Native_InEar|NonNative_InEar|Native_Bone|NonNative_Bone|Neutral_Bone,5,580,580,0.8379310344827586,0.8347601495898891
Neutral_InEar,5,Native_InEar|NonNative_InEar|Native_Bone|NonNative_Bone|Neutral_Bone,6,580,580,0.8172413793103448,0.8084786346772038
Neutral_InEar,5,Native_InEar|NonNative_InEar|Native_Bone|NonNative_Bone|Neutral_Bone,7,580,580,0.8241379310344827,0.8189215948416757
Neutral_InEar,5,Native_InEar|NonNative_InEar|Native_Bone|NonNative_Bone|Neutral_Bone,8,580,580,0.8327586206896552,0.831326239963548
Neutral_InEar,5,Native_InEar|NonNative_InEar|Native_Bone|NonNative_Bone|Neutral_Bone,9,580,580,0.8275862068965517,0.8222042251159468
Neutral_InEar,5,Native_InEar|NonNative_InEar|Native_Bone|NonNative_Bone|Neutral_Bone,10,580,580,0.8224137931034483,0.8165724831154989
Native_Bone,1,Native_InEar,1,580,580,0.6862068965517242,0.6628026610444944
Native_Bone,1,Native_InEar,2,580,580,0.6896551724137931,0.6634549541386562
Native_Bone,1,Native_InEar,3,580,580,0.6844827586206896,0.6615258161408686
Native_Bone,1,Native_InEar,4,580,580,0.7017241379310345,0.6776404207783152
Native_Bone,1,Native_InEar,5,580,580,0.6948275862068966,0.6750939229642529
Native_Bone,1,Native_InEar,6,580,580,0.6931034482758621,0.6682151594053448
Native_Bone,1,Native_InEar,7,580,580,0.7034482758620689,0.6800149482569772
Native_Bone,1,Native_InEar,8,580,580,0.6879310344827586,0.6640479318010486
Native_Bone,1,Native_InEar,9,580,580,0.7034482758620689,0.6807515753044018
Native_Bone,1,Native_InEar,10,580,580,0.7068965517241379,0.6842520431869725
Native_Bone,1,NonNative_InEar,1,580,580,0.7051724137931035,0.68562262278738
Native_Bone,1,NonNative_InEar,2,580,580,0.7258620689655172,0.703936083752865
Native_Bone,1,NonNative_InEar,3,580,580,0.7017241379310345,0.6786264865622766
Native_Bone,1,NonNative_InEar,4,580,580,0.7086206896551724,0.6875956858016279
Native_Bone,1,NonNative_InEar,5,580,580,0.7120689655172414,0.6928833712408474
Native_Bone,1,NonNative_InEar,6,580,580,0.7103448275862069,0.6893532751076028
Native_Bone,1,NonNative_InEar,7,580,580,0.7241379310344828,0.7031395598024126
Native_Bone,1,NonNative_InEar,8,580,580,0.7017241379310345,0.6799046492153031
Native_Bone,1,NonNative_InEar,9,580,580,0.7103448275862069,0.6919985252630606
Native_Bone,1,NonNative_InEar,10,580,580,0.7137931034482758,0.6904322956224107
Native_Bone,1,Neutral_InEar,1,580,580,0.6982758620689655,0.6645683236855198
Native_Bone,1,Neutral_InEar,2,580,580,0.6948275862068966,0.6653900637960828
Native_Bone,1,Neutral_InEar,3,580,580,0.6896551724137931,0.6572859668426967
Native_Bone,1,Neutral_InEar,4,580,580,0.6913793103448276,0.6558109851165044
Native_Bone,1,Neutral_InEar,5,580,580,0.7034482758620689,0.6722938412255901
Native_Bone,1,Neutral_InEar,6,580,580,0.6810344827586207,0.6510899608609962
Native_Bone,1,Neutral_InEar,7,580,580,0.6810344827586207,0.6520451176154942
Native_Bone,1,Neutral_InEar,8,580,580,0.6896551724137931,0.6580535116544173
Native_Bone,1,Neutral_InEar,9,580,580,0.7017241379310345,0.6719145136564504
Native_Bone,1,Neutral_InEar,10,580,580,0.696551724137931,0.6651243090879041
Native_Bone,1,NonNative_Bone,1,580,580,0.7172413793103448,0.7064572956066282
Native_Bone,1,NonNative_Bone,2,580,580,0.7189655172413794,0.7109339248577782
Native_Bone,1,NonNative_Bone,3,580,580,0.7293103448275862,0.7192848738358678
Native_Bone,1,NonNative_Bone,4,580,580,0.7189655172413794,0.7102540243446592
Native_Bone,1,NonNative_Bone,5,580,580,0.7206896551724138,0.708934785640937
Native_Bone,1,NonNative_Bone,6,580,580,0.7155172413793104,0.7064606794731374
Native_Bone,1,NonNative_Bone,7,580,580,0.7172413793103448,0.7081491161026479
Native_Bone,1,NonNative_Bone,8,580,580,0.7224137931034482,0.7139557615663713
Native_Bone,1,NonNative_Bone,9,580,580,0.7120689655172414,0.6996764573212145
Native_Bone,1,NonNative_Bone,10,580,580,0.7155172413793104,0.7055690420562621
Native_Bone,1,Neutral_Bone,1,580,580,0.6758620689655173,0.6342207945792484
Native_Bone,1,Neutral_Bone,2,580,580,0.6741379310344827,0.6409195518549327
Native_Bone,1,Neutral_Bone,3,580,580,0.6948275862068966,0.6605325105605315
Native_Bone,1,Neutral_Bone,4,580,580,0.6844827586206896,0.6478241371685292
Native_Bone,1,Neutral_Bone,5,580,580,0.6862068965517242,0.6559611914725529
Native_Bone,1,Neutral_Bone,6,580,580,0.6603448275862069,0.6209213110559844
Native_Bone,1,Neutral_Bone,7,580,580,0.6758620689655173,0.6431451016424493
Native_Bone,1,Neutral_Bone,8,580,580,0.6793103448275862,0.6391066676194737
Native_Bone,1,Neutral_Bone,9,580,580,0.6862068965517242,0.6593791256308431
Native_Bone,1,Neutral_Bone,10,580,580,0.6793103448275862,0.6440712773518154
Native_Bone,2,Native_InEar|NonNative_InEar,1,580,580,0.7258620689655172,0.6967049596070369
Native_Bone,2,Native_InEar|NonNative_InEar,2,580,580,0.7155172413793104,0.6915012367530544
Native_Bone,2,Native_InEar|NonNative_InEar,3,580,580,0.7310344827586207,0.7022583346793426
Native_Bone,2,Native_InEar|NonNative_InEar,4,580,580,0.7293103448275862,0.7063758091729103
Native_Bone,2,Native_InEar|NonNative_InEar,5,580,580,0.746551724137931,0.723378638590481
Native_Bone,2,Native_InEar|NonNative_InEar,6,580,580,0.7241379310344828,0.696043183658156
Native_Bone,2,Native_InEar|NonNative_InEar,7,580,580,0.7189655172413794,0.6913565849303349
Native_Bone,2,Native_InEar|NonNative_InEar,8,580,580,0.7362068965517241,0.7119362964183247
Native_Bone,2,Native_InEar|NonNative_InEar,9,580,580,0.6948275862068966,0.6744009630016911
Native_Bone,2,Native_InEar|NonNative_InEar,10,580,580,0.7241379310344828,0.7048169822079812
Native_Bone,2,Native_InEar|Neutral_InEar,1,580,580,0.7103448275862069,0.6786806788473053
Native_Bone,2,Native_InEar|Neutral_InEar,2,580,580,0.7258620689655172,0.6963376242035413
Native_Bone,2,Native_InEar|Neutral_InEar,3,580,580,0.7,0.6731596518946177
Native_Bone,2,Native_InEar|Neutral_InEar,4,580,580,0.7103448275862069,0.6821631108908933
Native_Bone,2,Native_InEar|Neutral_InEar,5,580,580,0.7034482758620689,0.6749388796791146
Native_Bone,2,Native_InEar|Neutral_InEar,6,580,580,0.7155172413793104,0.6895783651008001
Native_Bone,2,Native_InEar|Neutral_InEar,7,580,580,0.7137931034482758,0.685296627490611
Native_Bone,2,Native_InEar|Neutral_InEar,8,580,580,0.7,0.6722678399598775
Native_Bone,2,Native_InEar|Neutral_InEar,9,580,580,0.7189655172413794,0.6961537215079925
Native_Bone,2,Native_InEar|Neutral_InEar,10,580,580,0.7068965517241379,0.6798529203984229
Native_Bone,2,Native_InEar|NonNative_Bone,1,580,580,0.7620689655172413,0.755764213648838
Native_Bone,2,Native_InEar|NonNative_Bone,2,580,580,0.753448275862069,0.7458461945198692
Native_Bone,2,Native_InEar|NonNative_Bone,3,580,580,0.7172413793103448,0.7042078598754167
Native_Bone,2,Native_InEar|NonNative_Bone,4,580,580,0.7551724137931034,0.7444923417150123
Native_Bone,2,Native_InEar|NonNative_Bone,5,580,580,0.7362068965517241,0.723903570420106
Native_Bone,2,Native_InEar|NonNative_Bone,6,580,580,0.7672413793103449,0.7615346980313822
Native_Bone,2,Native_InEar|NonNative_Bone,7,580,580,0.7448275862068966,0.7340774126990846
Native_Bone,2,Native_InEar|NonNative_Bone,8,580,580,0.7517241379310344,0.7404235378750885
Native_Bone,2,Native_InEar|NonNative_Bone,9,580,580,0.7327586206896551,0.719478176045225
Native_Bone,2,Native_InEar|NonNative_Bone,10,580,580,0.7344827586206897,0.7201818228687242
Native_Bone,2,Native_InEar|Neutral_Bone,1,580,580,0.7344827586206897,0.7190995315192917
Native_Bone,2,Native_InEar|Neutral_Bone,2,580,580,0.7206896551724138,0.6998490897576786
Native_Bone,2,Native_InEar|Neutral_Bone,3,580,580,0.7189655172413794,0.7029854181007221
Native_Bone,2,Native_InEar|Neutral_Bone,4,580,580,0.7327586206896551,0.719312180569071
Native_Bone,2,Native_InEar|Neutral_Bone,5,580,580,0.7189655172413794,0.7059914315450903
Native_Bone,2,Native_InEar|Neutral_Bone,6,580,580,0.746551724137931,0.7334057846256878
Native_Bone,2,Native_InEar|Neutral_Bone,7,580,580,0.7258620689655172,0.7111666809200948
Native_Bone,2,Native_InEar|Neutral_Bone,8,580,580,0.7241379310344828,0.7048492505320986
Native_Bone,2,Native_InEar|Neutral_Bone,9,580,580,0.7327586206896551,0.7195278709243663
Native_Bone,2,Native_InEar|Neutral_Bone,10,580,580,0.7155172413793104,0.6959289278167472
Native_Bone,2,NonNative_InEar|Neutral_InEar,1,580,580,0.7206896551724138,0.699606446000897
Native_Bone,2,NonNative_InEar|Neutral_InEar,2,580,580,0.7362068965517241,0.7154989770507145
Native_Bone,2,NonNative_InEar|Neutral_InEar,3,580,580,0.7482758620689656,0.7292516548112674
Native_Bone,2,NonNative_InEar|Neutral_InEar,4,580,580,0.7517241379310344,0.7314560053531319
Native_Bone,2,NonNative_InEar|Neutral_InEar,5,580,580,0.7413793103448276,0.7192414363717855
Native_Bone,2,NonNative_InEar|Neutral_InEar,6,580,580,0.7293103448275862,0.7106652704515107
Native_Bone,2,NonNative_InEar|Neutral_InEar,7,580,580,0.7310344827586207,0.7072310693283916
Native_Bone,2,NonNative_InEar|Neutral_InEar,8,580,580,0.7103448275862069,0.6870494656392149
Native_Bone,2,NonNative_InEar|Neutral_InEar,9,580,580,0.7189655172413794,0.6991881558300125
Native_Bone,2,NonNative_InEar|Neutral_InEar,10,580,580,0.7327586206896551,0.7073115072029811
Native_Bone,2,NonNative_InEar|NonNative_Bone,1,580,580,0.7603448275862069,0.7462280882962287
Native_Bone,2,NonNative_InEar|NonNative_Bone,2,580,580,0.7586206896551724,0.748434037404853
Native_Bone,2,NonNative_InEar|NonNative_Bone,3,580,580,0.753448275862069,0.7448504422532494
Native_Bone,2,NonNative_InEar|NonNative_Bone,4,580,580,0.7706896551724138,0.761146443059147
Native_Bone,2,NonNative_InEar|NonNative_Bone,5,580,580,0.75,0.7432107826054071
Native_Bone,2,NonNative_InEar|NonNative_Bone,6,580,580,0.7637931034482759,0.7521820862592687
Native_Bone,2,NonNative_InEar|NonNative_Bone,7,580,580,0.746551724137931,0.7303814439667251
Native_Bone,2,NonNative_InEar|NonNative_Bone,8,580,580,0.7603448275862069,0.7497698323653793
Native_Bone,2,NonNative_InEar|NonNative_Bone,9,580,580,0.7655172413793103,0.7524031279479011
Native_Bone,2,NonNative_InEar|NonNative_Bone,10,580,580,0.7620689655172413,0.7479804185217704
Native_Bone,2,NonNative_InEar|Neutral_Bone,1,580,580,0.7327586206896551,0.7174059843777935
Native_Bone,2,NonNative_InEar|Neutral_Bone,2,580,580,0.75,0.7375573711090576
Native_Bone,2,NonNative_InEar|Neutral_Bone,3,580,580,0.746551724137931,0.7294515083318971
Native_Bone,2,NonNative_InEar|Neutral_Bone,4,580,580,0.7379310344827587,0.7189000405838609
Native_Bone,2,NonNative_InEar|Neutral_Bone,5,580,580,0.7362068965517241,0.7229512796182702
Native_Bone,2,NonNative_InEar|Neutral_Bone,6,580,580,0.7172413793103448,0.6966257658054799
Native_Bone,2,NonNative_InEar|Neutral_Bone,7,580,580,0.7396551724137931,0.7177327375548457
Native_Bone,2,NonNative_InEar|Neutral_Bone,8,580,580,0.7603448275862069,0.7445023304217704
Native_Bone,2,NonNative_InEar|Neutral_Bone,9,580,580,0.7310344827586207,0.7134837836259731
Native_Bone,2,NonNative_InEar|Neutral_Bone,10,580,580,0.7310344827586207,0.7138786015497816
Native_Bone,2,Neutral_InEar|NonNative_Bone,1,580,580,0.7051724137931035,0.6872706182375599
Native_Bone,2,Neutral_InEar|NonNative_Bone,2,580,580,0.7275862068965517,0.71390672066751
Native_Bone,2,Neutral_InEar|NonNative_Bone,3,580,580,0.75,0.7365839288347726
Native_Bone,2,Neutral_InEar|NonNative_Bone,4,580,580,0.7137931034482758,0.698258416098393
Native_Bone,2,Neutral_InEar|NonNative_Bone,5,580,580,0.7310344827586207,0.7139926042064897
Native_Bone,2,Neutral_InEar|NonNative_Bone,6,580,580,0.7603448275862069,0.7480892060575839
Native_Bone,2,Neutral_InEar|NonNative_Bone,7,580,580,0.7551724137931034,0.7438316727237517
Native_Bone,2,Neutral_InEar|NonNative_Bone,8,580,580,0.7293103448275862,0.7130320394641585
Native_Bone,2,Neutral_InEar|NonNative_Bone,9,580,580,0.7310344827586207,0.7184614686275035
Native_Bone,2,Neutral_InEar|NonNative_Bone,10,580,580,0.7103448275862069,0.6948393564410298
Native_Bone,2,Neutral_InEar|Neutral_Bone,1,580,580,0.746551724137931,0.7202474852159597
Native_Bone,2,Neutral_InEar|Neutral_Bone,2,580,580,0.7275862068965517,0.70379125140666
Native_Bone,2,Neutral_InEar|Neutral_Bone,3,580,580,0.7327586206896551,0.700438468564077
Native_Bone,2,Neutral_InEar|Neutral_Bone,4,580,580,0.7293103448275862,0.7109541009897978
Native_Bone,2,Neutral_InEar|Neutral_Bone,5,580,580,0.7189655172413794,0.7030180762068376
Native_Bone,2,Neutral_InEar|Neutral_Bone,6,580,580,0.7224137931034482,0.7019507480510603
Native_Bone,2,Neutral_InEar|Neutral_Bone,7,580,580,0.6948275862068966,0.6707964924544342
Native_Bone,2,Neutral_InEar|Neutral_Bone,8,580,580,0.7241379310344828,0.7069846701490181
Native_Bone,2,Neutral_InEar|Neutral_Bone,9,580,580,0.7051724137931035,0.6783359869391302
Native_Bone,2,Neutral_InEar|Neutral_Bone,10,580,580,0.7482758620689656,0.7326302774536614
Native_Bone,2,NonNative_Bone|Neutral_Bone,1,580,580,0.7103448275862069,0.6911338670646187
Native_Bone,2,NonNative_Bone|Neutral_Bone,2,580,580,0.7120689655172414,0.6946132480814435
Native_Bone,2,NonNative_Bone|Neutral_Bone,3,580,580,0.7396551724137931,0.7229918590584782
Native_Bone,2,NonNative_Bone|Neutral_Bone,4,580,580,0.746551724137931,0.7312836854895224
Native_Bone,2,NonNative_Bone|Neutral_Bone,5,580,580,0.7086206896551724,0.6869599053826736
Native_Bone,2,NonNative_Bone|Neutral_Bone,6,580,580,0.7275862068965517,0.7119885337308715
Native_Bone,2,NonNative_Bone|Neutral_Bone,7,580,580,0.7224137931034482,0.7024288079846118
Native_Bone,2,NonNative_Bone|Neutral_Bone,8,580,580,0.7482758620689656,0.7352850660181107
Native_Bone,2,NonNative_Bone|Neutral_Bone,9,580,580,0.7344827586206897,0.7139112667862195
Native_Bone,2,NonNative_Bone|Neutral_Bone,10,580,580,0.7327586206896551,0.7157273496687447
Native_Bone,3,Native_InEar|NonNative_InEar|Neutral_InEar,1,580,580,0.7396551724137931,0.7157654593831546
Native_Bone,3,Native_InEar|NonNative_InEar|Neutral_InEar,2,580,580,0.7327586206896551,0.7128948279631713
Native_Bone,3,Native_InEar|NonNative_InEar|Neutral_InEar,3,580,580,0.7344827586206897,0.7116298855814062
Native_Bone,3,Native_InEar|NonNative_InEar|Neutral_InEar,4,580,580,0.7362068965517241,0.7208196917470469
Native_Bone,3,Native_InEar|NonNative_InEar|Neutral_InEar,5,580,580,0.7275862068965517,0.7072146866401812
Native_Bone,3,Native_InEar|NonNative_InEar|Neutral_InEar,6,580,580,0.7413793103448276,0.719501051442852
Native_Bone,3,Native_InEar|NonNative_InEar|Neutral_InEar,7,580,580,0.7155172413793104,0.691661827835089
Native_Bone,3,Native_InEar|NonNative_InEar|Neutral_InEar,8,580,580,0.7379310344827587,0.7107574554725468
Native_Bone,3,Native_InEar|NonNative_InEar|Neutral_InEar,9,580,580,0.7137931034482758,0.6890385285136502
Native_Bone,3,Native_InEar|NonNative_InEar|Neutral_InEar,10,580,580,0.7241379310344828,0.6993236300884055
Native_Bone,3,Native_InEar|NonNative_InEar|NonNative_Bone,1,580,580,0.7517241379310344,0.7373038607741134
Native_Bone,3,Native_InEar|NonNative_InEar|NonNative_Bone,2,580,580,0.753448275862069,0.7420216324648458
Native_Bone,3,Native_InEar|NonNative_InEar|NonNative_Bone,3,580,580,0.7362068965517241,0.7245648396504772
Native_Bone,3,Native_InEar|NonNative_InEar|NonNative_Bone,4,580,580,0.7655172413793103,0.7527377053551021
Native_Bone,3,Native_InEar|NonNative_InEar|NonNative_Bone,5,580,580,0.7379310344827587,0.7240270725839733
Native_Bone,3,Native_InEar|NonNative_InEar|NonNative_Bone,6,580,580,0.756896551724138,0.7424880956865569
Native_Bone,3,Native_InEar|NonNative_InEar|NonNative_Bone,7,580,580,0.753448275862069,0.7368263843675543
Native_Bone,3,Native_InEar|NonNative_InEar|NonNative_Bone,8,580,580,0.7637931034482759,0.7561882378289333
Native_Bone,3,Native_InEar|NonNative_InEar|NonNative_Bone,9,580,580,0.756896551724138,0.7415147425783658
Native_Bone,3,Native_InEar|NonNative_InEar|NonNative_Bone,10,580,580,0.7551724137931034,0.7405314805618786
Native_Bone,3,Native_InEar|NonNative_InEar|Neutral_Bone,1,580,580,0.7310344827586207,0.7129013596884025
Native_Bone,3,Native_InEar|NonNative_InEar|Neutral_Bone,2,580,580,0.756896551724138,0.7409786849000671
Native_Bone,3,Native_InEar|NonNative_InEar|Neutral_Bone,3,580,580,0.7379310344827587,0.7260311125360726
Native_Bone,3,Native_InEar|NonNative_InEar|Neutral_Bone,4,580,580,0.7482758620689656,0.7320276483419801
Native_Bone,3,Native_InEar|NonNative_InEar|Neutral_Bone,5,580,580,0.743103448275862,0.7268660796802415
Native_Bone,3,Native_InEar|NonNative_InEar|Neutral_Bone,6,580,580,0.743103448275862,0.7267948851088092
Native_Bone,3,Native_InEar|NonNative_InEar|Neutral_Bone,7,580,580,0.753448275862069,0.742566238359941
Native_Bone,3,Native_InEar|NonNative_InEar|Neutral_Bone,8,580,580,0.7310344827586207,0.7096728939757124
Native_Bone,3,Native_InEar|NonNative_InEar|Neutral_Bone,9,580,580,0.7482758620689656,0.7339749244368889
Native_Bone,3,Native_InEar|NonNative_InEar|Neutral_Bone,10,580,580,0.7327586206896551,0.7102803474629419
Native_Bone,3,Native_InEar|Neutral_InEar|NonNative_Bone,1,580,580,0.7448275862068966,0.7200112331387688
Native_Bone,3,Native_InEar|Neutral_InEar|NonNative_Bone,2,580,580,0.7379310344827587,0.7239293946622322
Native_Bone,3,Native_InEar|Neutral_InEar|NonNative_Bone,3,580,580,0.7379310344827587,0.721676608571016
Native_Bone,3,Native_InEar|Neutral_InEar|NonNative_Bone,4,580,580,0.7258620689655172,0.7138045274760301
Native_Bone,3,Native_InEar|Neutral_InEar|NonNative_Bone,5,580,580,0.746551724137931,0.7275478360766144
Native_Bone,3,Native_InEar|Neutral_InEar|NonNative_Bone,6,580,580,0.7517241379310344,0.7386287264424386
Native_Bone,3,Native_InEar|Neutral_InEar|NonNative_Bone,7,580,580,0.753448275862069,0.7420343657114223
Native_Bone,3,Native_InEar|Neutral_InEar|NonNative_Bone,8,580,580,0.7293103448275862,0.7182157615403508
Native_Bone,3,Native_InEar|Neutral_InEar|NonNative_Bone,9,580,580,0.7224137931034482,0.7064393360093224
Native_Bone,3,Native_InEar|Neutral_InEar|NonNative_Bone,10,580,580,0.6931034482758621,0.6714446048596348
Native_Bone,3,Native_InEar|Neutral_InEar|Neutral_Bone,1,580,580,0.7172413793103448,0.6981768774077224
Native_Bone,3,Native_InEar|Neutral_InEar|Neutral_Bone,2,580,580,0.7413793103448276,0.7152561813467889
Native_Bone,3,Native_InEar|Neutral_InEar|Neutral_Bone,3,580,580,0.7258620689655172,0.7073112556209047
Native_Bone,3,Native_InEar|Neutral_InEar|Neutral_Bone,4,580,580,0.7172413793103448,0.6991042425605468
Native_Bone,3,Native_InEar|Neutral_InEar|Neutral_Bone,5,580,580,0.7224137931034482,0.7031453116024429
Native_Bone,3,Native_InEar|Neutral_InEar|Neutral_Bone,6,580,580,0.7551724137931034,0.7392353035541528
Native_Bone,3,Native_InEar|Neutral_InEar|Neutral_Bone,7,580,580,0.7586206896551724,0.7424992014117393
Native_Bone,3,Native_InEar|Neutral_InEar|Neutral_Bone,8,580,580,0.7637931034482759,0.7424057598836684
Native_Bone,3,Native_InEar|Neutral_InEar|Neutral_Bone,9,580,580,0.7379310344827587,0.7175235404328079
Native_Bone,3,Native_InEar|Neutral_InEar|Neutral_Bone,10,580,580,0.7482758620689656,0.7300084595491558
Native_Bone,3,Native_InEar|NonNative_Bone|Neutral_Bone,1,580,580,0.7517241379310344,0.7399404826750293
Native_Bone,3,Native_InEar|NonNative_Bone|Neutral_Bone,2,580,580,0.75,0.7390649692095823
Native_Bone,3,Native_InEar|NonNative_Bone|Neutral_Bone,3,580,580,0.7379310344827587,0.7228145794705573
Native_Bone,3,Native_InEar|NonNative_Bone|Neutral_Bone,4,580,580,0.7241379310344828,0.7021542519019881
Native_Bone,3,Native_InEar|NonNative_Bone|Neutral_Bone,5,580,580,0.7706896551724138,0.7595728529747452
Native_Bone,3,Native_InEar|NonNative_Bone|Neutral_Bone,6,580,580,0.7551724137931034,0.7424526169601073
Native_Bone,3,Native_InEar|NonNative_Bone|Neutral_Bone,7,580,580,0.743103448275862,0.7333258505375733
Native_Bone,3,Native_InEar|NonNative_Bone|Neutral_Bone,8,580,580,0.7517241379310344,0.7385911646690773
Native_Bone,3,Native_InEar|NonNative_Bone|Neutral_Bone,9,580,580,0.7637931034482759,0.7579444670983034
Native_Bone,3,Native_InEar|NonNative_Bone|Neutral_Bone,10,580,580,0.7603448275862069,0.7479983134601496
Native_Bone,3,NonNative_InEar|Neutral_InEar|NonNative_Bone,1,580,580,0.7655172413793103,0.7539397473219689
Native_Bone,3,NonNative_InEar|Neutral_InEar|NonNative_Bone,2,580,580,0.7637931034482759,0.7510384707677098
Native_Bone,3,NonNative_InEar|Neutral_InEar|NonNative_Bone,3,580,580,0.7448275862068966,0.7324511838444477
Native_Bone,3,NonNative_InEar|Neutral_InEar|NonNative_Bone,4,580,580,0.7655172413793103,0.7541263354685754
Native_Bone,3,NonNative_InEar|Neutral_InEar|NonNative_Bone,5,580,580,0.7689655172413793,0.7593674785090341
Native_Bone,3,NonNative_InEar|Neutral_InEar|NonNative_Bone,6,580,580,0.7603448275862069,0.7436863838576321
Native_Bone,3,NonNative_InEar|Neutral_InEar|NonNative_Bone,7,580,580,0.7827586206896552,0.7688080067464714
Native_Bone,3,NonNative_InEar|Neutral_InEar|NonNative_Bone,8,580,580,0.756896551724138,0.7447419326486385
Native_Bone,3,NonNative_InEar|Neutral_InEar|NonNative_Bone,9,580,580,0.753448275862069,0.7391397338023986
Native_Bone,3,NonNative_InEar|Neutral_InEar|NonNative_Bone,10,580,580,0.743103448275862,0.7299965648744536
Native_Bone,3,NonNative_InEar|Neutral_InEar|Neutral_Bone,1,580,580,0.75,0.7347850551390158
Native_Bone,3,NonNative_InEar|Neutral_InEar|Neutral_Bone,2,580,580,0.756896551724138,0.7371035312546919
Native_Bone,3,NonNative_InEar|Neutral_InEar|Neutral_Bone,3,580,580,0.7344827586206897,0.7158530757805487
Native_Bone,3,NonNative_InEar|Neutral_InEar|Neutral_Bone,4,580,580,0.7379310344827587,0.7189382909911853
Native_Bone,3,NonNative_InEar|Neutral_InEar|Neutral_Bone,5,580,580,0.7620689655172413,0.7452704504054964
Native_Bone,3,NonNative_InEar|Neutral_InEar|Neutral_Bone,6,580,580,0.7344827586206897,0.7149202462486897
Native_Bone,3,NonNative_InEar|Neutral_InEar|Neutral_Bone,7,580,580,0.75,0.7385189182837539
Native_Bone,3,NonNative_InEar|Neutral_InEar|Neutral_Bone,8,580,580,0.7362068965517241,0.7181201140681079
Native_Bone,3,NonNative_InEar|Neutral_InEar|Neutral_Bone,9,580,580,0.7586206896551724,0.7376658205780613
Native_Bone,3,NonNative_InEar|Neutral_InEar|Neutral_Bone,10,580,580,0.7482758620689656,0.7320176458684399
Native_Bone,3,NonNative_InEar|NonNative_Bone|Neutral_Bone,1,580,580,0.7551724137931034,0.7421033516668853
Native_Bone,3,NonNative_InEar|NonNative_Bone|Neutral_Bone,2,580,580,0.75,0.736108836869656
Native_Bone,3,NonNative_InEar|NonNative_Bone|Neutral_Bone,3,580,580,0.7551724137931034,0.7434462301749234
Native_Bone,3,NonNative_InEar|NonNative_Bone|Neutral_Bone,4,580,580,0.7706896551724138,0.7573680180897167
Native_Bone,3,NonNative_InEar|NonNative_Bone|Neutral_Bone,5,580,580,0.7620689655172413,0.74791222243618
Native_Bone,3,NonNative_InEar|NonNative_Bone|Neutral_Bone,6,580,580,0.7741379310344828,0.7643860258103407
Native_Bone,3,NonNative_InEar|NonNative_Bone|Neutral_Bone,7,580,580,0.7637931034482759,0.7520457719639949
Native_Bone,3,NonNative_InEar|NonNative_Bone|Neutral_Bone,8,580,580,0.7586206896551724,0.7463197867032776
Native_Bone,3,NonNative_InEar|NonNative_Bone|Neutral_Bone,9,580,580,0.7396551724137931,0.7254913071862127
Native_Bone,3,NonNative_InEar|NonNative_Bone|Neutral_Bone,10,580,580,0.7379310344827587,0.722889241371895
Native_Bone,3,Neutral_InEar|NonNative_Bone|Neutral_Bone,1,580,580,0.7034482758620689,0.6827540705683547
Native_Bone,3,Neutral_InEar|NonNative_Bone|Neutral_Bone,2,580,580,0.756896551724138,0.7394398808843475
Native_Bone,3,Neutral_InEar|NonNative_Bone|Neutral_Bone,3,580,580,0.75,0.7361359476522826
Native_Bone,3,Neutral_InEar|NonNative_Bone|Neutral_Bone,4,580,580,0.7379310344827587,0.7161632379734691
Native_Bone,3,Neutral_InEar|NonNative_Bone|Neutral_Bone,5,580,580,0.7344827586206897,0.6991725813870482
Native_Bone,3,Neutral_InEar|NonNative_Bone|Neutral_Bone,6,580,580,0.746551724137931,0.7336517505593061
Native_Bone,3,Neutral_InEar|NonNative_Bone|Neutral_Bone,7,580,580,0.7413793103448276,0.7235870328578282
Native_Bone,3,Neutral_InEar|NonNative_Bone|Neutral_Bone,8,580,580,0.7603448275862069,0.7508653559899372
Native_Bone,3,Neutral_InEar|NonNative_Bone|Neutral_Bone,9,580,580,0.756896551724138,0.7350087894741446
Native_Bone,3,Neutral_InEar|NonNative_Bone|Neutral_Bone,10,580,580,0.7413793103448276,0.7266164316785232
Native_Bone,5,Native_InEar|NonNative_InEar|Neutral_InEar|NonNative_Bone|Neutral_Bone,1,580,580,0.7793103448275862,0.7643986295086698
Native_Bone,5,Native_InEar|NonNative_InEar|Neutral_InEar|NonNative_Bone|Neutral_Bone,2,580,580,0.7603448275862069,0.7457450902218706
Native_Bone,5,Native_InEar|NonNative_InEar|Neutral_InEar|NonNative_Bone|Neutral_Bone,3,580,580,0.7862068965517242,0.7750587758307179
Native_Bone,5,Native_InEar|NonNative_InEar|Neutral_InEar|NonNative_Bone|Neutral_Bone,4,580,580,0.7603448275862069,0.7470102269820014
Native_Bone,5,Native_InEar|NonNative_InEar|Neutral_InEar|NonNative_Bone|Neutral_Bone,5,580,580,0.753448275862069,0.7362980662902683
Native_Bone,5,Native_InEar|NonNative_InEar|Neutral_InEar|NonNative_Bone|Neutral_Bone,6,580,580,0.7620689655172413,0.7512611837566519
Native_Bone,5,Native_InEar|NonNative_InEar|Neutral_InEar|NonNative_Bone|Neutral_Bone,7,580,580,0.7706896551724138,0.7587596936707504
Native_Bone,5,Native_InEar|NonNative_InEar|Neutral_InEar|NonNative_Bone|Neutral_Bone,8,580,580,0.7293103448275862,0.7026828603333388
Native_Bone,5,Native_InEar|NonNative_InEar|Neutral_InEar|NonNative_Bone|Neutral_Bone,9,580,580,0.7586206896551724,0.7468806164069316
Native_Bone,5,Native_InEar|NonNative_InEar|Neutral_InEar|NonNative_Bone|Neutral_Bone,10,580,580,0.75,0.7350332250059539
NonNative_Bone,1,Native_InEar,1,580,580,0.7258620689655172,0.710468728545667
NonNative_Bone,1,Native_InEar,2,580,580,0.7172413793103448,0.7031600082084444
NonNative_Bone,1,Native_InEar,3,580,580,0.7258620689655172,0.708830044173934
NonNative_Bone,1,Native_InEar,4,580,580,0.7275862068965517,0.7140743200092996
NonNative_Bone,1,Native_InEar,5,580,580,0.7206896551724138,0.7058447068972002
NonNative_Bone,1,Native_InEar,6,580,580,0.7310344827586207,0.7162798101074578
NonNative_Bone,1,Native_InEar,7,580,580,0.7189655172413794,0.7050211987497506
NonNative_Bone,1,Native_InEar,8,580,580,0.7379310344827587,0.7220077184059216
NonNative_Bone,1,Native_InEar,9,580,580,0.7172413793103448,0.7041688241432933
NonNative_Bone,1,Native_InEar,10,580,580,0.7172413793103448,0.7015944972488934
NonNative_Bone,1,NonNative_InEar,1,580,580,0.7258620689655172,0.7176446061164112
NonNative_Bone,1,NonNative_InEar,2,580,580,0.7241379310344828,0.7154819220470319
NonNative_Bone,1,NonNative_InEar,3,580,580,0.7172413793103448,0.7099319023019345
NonNative_Bone,1,NonNative_InEar,4,580,580,0.7206896551724138,0.7109787796050739
NonNative_Bone,1,NonNative_InEar,5,580,580,0.7275862068965517,0.7198931869630545
NonNative_Bone,1,NonNative_InEar,6,580,580,0.7155172413793104,0.706582272056953
NonNative_Bone,1,NonNative_InEar,7,580,580,0.7189655172413794,0.7074601948740733
NonNative_Bone,1,NonNative_InEar,8,580,580,0.7017241379310345,0.6909786732506967
NonNative_Bone,1,NonNative_InEar,9,580,580,0.7172413793103448,0.7062969235829388
NonNative_Bone,1,NonNative_InEar,10,580,580,0.7137931034482758,0.7048962838348451
NonNative_Bone,1,Neutral_InEar,1,580,580,0.743103448275862,0.7314819207400111
NonNative_Bone,1,Neutral_InEar,2,580,580,0.7448275862068966,0.7339227573094865
NonNative_Bone,1,Neutral_InEar,3,580,580,0.743103448275862,0.7329234691940444
NonNative_Bone,1,Neutral_InEar,4,580,580,0.7396551724137931,0.7295933520450765
NonNative_Bone,1,Neutral_InEar,5,580,580,0.7413793103448276,0.7315721473841104
NonNative_Bone,1,Neutral_InEar,6,580,580,0.7379310344827587,0.7278266291886246
NonNative_Bone,1,Neutral_InEar,7,580,580,0.7396551724137931,0.7295773036295532
NonNative_Bone,1,Neutral_InEar,8,580,580,0.746551724137931,0.7365161431404995
NonNative_Bone,1,Neutral_InEar,9,580,580,0.7258620689655172,0.71573167757186
NonNative_Bone,1,Neutral_InEar,10,580,580,0.7293103448275862,0.7185198027476692
NonNative_Bone,1,Native_Bone,1,580,580,0.6775862068965517,0.6524311117065
NonNative_Bone,1,Native_Bone,2,580,580,0.6672413793103448,0.6348055569081833
NonNative_Bone,1,Native_Bone,3,580,580,0.6637931034482759,0.6401964213032343
NonNative_Bone,1,Native_Bone,4,580,580,0.6775862068965517,0.6473633298884917
NonNative_Bone,1,Native_Bone,5,580,580,0.6844827586206896,0.6611943128760094
NonNative_Bone,1,Native_Bone,6,580,580,0.6810344827586207,0.653869493300344
NonNative_Bone,1,Native_Bone,7,580,580,0.6672413793103448,0.6373744409593664
NonNative_Bone,1,Native_Bone,8,580,580,0.6775862068965517,0.6564789180665187
NonNative_Bone,1,Native_Bone,9,580,580,0.6637931034482759,0.6389384632786788
NonNative_Bone,1,Native_Bone,10,580,580,0.6775862068965517,0.6519350771387055
NonNative_Bone,1,Neutral_Bone,1,580,580,0.6982758620689655,0.6809294645815438
NonNative_Bone,1,Neutral_Bone,2,580,580,0.7051724137931035,0.6862015651835636
NonNative_Bone,1,Neutral_Bone,3,580,580,0.6913793103448276,0.6715490297019351
NonNative_Bone,1,Neutral_Bone,4,580,580,0.6896551724137931,0.6723158564477121
NonNative_Bone,1,Neutral_Bone,5,580,580,0.7068965517241379,0.6895667934304325
NonNative_Bone,1,Neutral_Bone,6,580,580,0.7172413793103448,0.6994115436486046
NonNative_Bone,1,Neutral_Bone,7,580,580,0.696551724137931,0.678028731934319
NonNative_Bone,1,Neutral_Bone,8,580,580,0.6896551724137931,0.6680362609145192
NonNative_Bone,1,Neutral_Bone,9,580,580,0.7,0.6799572737194836
NonNative_Bone,1,Neutral_Bone,10,580,580,0.7017241379310345,0.6824618389407663
NonNative_Bone,2,Native_InEar|NonNative_InEar,1,580,580,0.7379310344827587,0.7264662120848787
NonNative_Bone,2,Native_InEar|NonNative_InEar,2,580,580,0.7448275862068966,0.7353212911519176
NonNative_Bone,2,Native_InEar|NonNative_InEar,3,580,580,0.7241379310344828,0.7081671496801685
NonNative_Bone,2,Native_InEar|NonNative_InEar,4,580,580,0.7258620689655172,0.7134623835533869
NonNative_Bone,2,Native_InEar|NonNative_InEar,5,580,580,0.7620689655172413,0.75365461797906
NonNative_Bone,2,Native_InEar|NonNative_InEar,6,580,580,0.7362068965517241,0.7247161307643849
NonNative_Bone,2,Native_InEar|NonNative_InEar,7,580,580,0.7413793103448276,0.7325740130741136
NonNative_Bone,2,Native_InEar|NonNative_InEar,8,580,580,0.7344827586206897,0.7243040802031024
NonNative_Bone,2,Native_InEar|NonNative_InEar,9,580,580,0.7396551724137931,0.7292474096701981
NonNative_Bone,2,Native_InEar|NonNative_InEar,10,580,580,0.7603448275862069,0.7475984781863036
NonNative_Bone,2,Native_InEar|Neutral_InEar,1,580,580,0.7655172413793103,0.7568178271438953
NonNative_Bone,2,Native_InEar|Neutral_InEar,2,580,580,0.7637931034482759,0.7518012944840541
NonNative_Bone,2,Native_InEar|Neutral_InEar,3,580,580,0.7448275862068966,0.7342832166036768
NonNative_Bone,2,Native_InEar|Neutral_InEar,4,580,580,0.7379310344827587,0.7219617699013481
NonNative_Bone,2,Native_InEar|Neutral_InEar,5,580,580,0.7551724137931034,0.7447506900400244
NonNative_Bone,2,Native_InEar|Neutral_InEar,6,580,580,0.7689655172413793,0.759568300147214
NonNative_Bone,2,Native_InEar|Neutral_InEar,7,580,580,0.7672413793103449,0.755260337285389
NonNative_Bone,2,Native_InEar|Neutral_InEar,8,580,580,0.7482758620689656,0.7368656639200374
NonNative_Bone,2,Native_InEar|Neutral_InEar,9,580,580,0.7706896551724138,0.7601558030095137
NonNative_Bone,2,Native_InEar|Neutral_InEar,10,580,580,0.7827586206896552,0.7711554433942803
NonNative_Bone,2,Native_InEar|Native_Bone,1,580,580,0.7724137931034483,0.7677627539893971
NonNative_Bone,2,Native_InEar|Native_Bone,2,580,580,0.7965517241379311,0.7925700583908986
NonNative_Bone,2,Native_InEar|Native_Bone,3,580,580,0.7913793103448276,0.7830872176866509
NonNative_Bone,2,Native_InEar|Native_Bone,4,580,580,0.7931034482758621,0.7898985990039931
NonNative_Bone,2,Native_InEar|Native_Bone,5,580,580,0.7775862068965518,0.7697674108059456
NonNative_Bone,2,Native_InEar|Native_Bone,6,580,580,0.8068965517241379,0.8016224887811179
NonNative_Bone,2,Native_InEar|Native_Bone,7,580,580,0.7913793103448276,0.7860752988953567
NonNative_Bone,2,Native_InEar|Native_Bone,8,580,580,0.756896551724138,0.7516663038324303
NonNative_Bone,2,Native_InEar|Native_Bone,9,580,580,0.7741379310344828,0.7664249977126661
NonNative_Bone,2,Native_InEar|Native_Bone,10,580,580,0.7689655172413793,0.7576775755003241
NonNative_Bone,2,Native_InEar|Neutral_Bone,1,580,580,0.7706896551724138,0.7644647971817294
NonNative_Bone,2,Native_InEar|Neutral_Bone,2,580,580,0.7724137931034483,0.7688147023920926
NonNative_Bone,2,Native_InEar|Neutral_Bone,3,580,580,0.7655172413793103,0.759294463539231
NonNative_Bone,2,Native_InEar|Neutral_Bone,4,580,580,0.756896551724138,0.7491209291544784
NonNative_Bone,2,Native_InEar|Neutral_Bone,5,580,580,0.7551724137931034,0.7501905655147236
NonNative_Bone,2,Native_InEar|Neutral_Bone,6,580,580,0.7913793103448276,0.7840621003915955
NonNative_Bone,2,Native_InEar|Neutral_Bone,7,580,580,0.7758620689655172,0.7704983085341406
NonNative_Bone,2,Native_InEar|Neutral_Bone,8,580,580,0.7879310344827586,0.7824290670157865
NonNative_Bone,2,Native_InEar|Neutral_Bone,9,580,580,0.7844827586206896,0.7790274797003164
NonNative_Bone,2,Native_InEar|Neutral_Bone,10,580,580,0.7810344827586206,0.7760455522664628
NonNative_Bone,2,NonNative_InEar|Neutral_InEar,1,580,580,0.7310344827586207,0.7209493203494791
NonNative_Bone,2,NonNative_InEar|Neutral_InEar,2,580,580,0.7517241379310344,0.7473514107653882
NonNative_Bone,2,NonNative_InEar|Neutral_InEar,3,580,580,0.7706896551724138,0.7658337348700465
NonNative_Bone,2,NonNative_InEar|Neutral_InEar,4,580,580,0.7448275862068966,0.7356551912578232
NonNative_Bone,2,NonNative_InEar|Neutral_InEar,5,580,580,0.7637931034482759,0.7593031985718668
NonNative_Bone,2,NonNative_InEar|Neutral_InEar,6,580,580,0.7362068965517241,0.7294487943009732
NonNative_Bone,2,NonNative_InEar|Neutral_InEar,7,580,580,0.7637931034482759,0.7598381958630637
NonNative_Bone,2,NonNative_InEar|Neutral_InEar,8,580,580,0.7413793103448276,0.7328136313565599
NonNative_Bone,2,NonNative_InEar|Neutral_InEar,9,580,580,0.7482758620689656,0.7351191599238415
NonNative_Bone,2,NonNative_InEar|Neutral_InEar,10,580,580,0.7189655172413794,0.7122251584774519
NonNative_Bone,2,NonNative_InEar|Native_Bone,1,580,580,0.7758620689655172,0.7706045642892467
NonNative_Bone,2,NonNative_InEar|Native_Bone,2,580,580,0.753448275862069,0.7476286040237899
NonNative_Bone,2,NonNative_InEar|Native_Bone,3,580,580,0.7672413793103449,0.7634741894016775
NonNative_Bone,2,NonNative_InEar|Native_Bone,4,580,580,0.7689655172413793,0.7618857581566537
NonNative_Bone,2,NonNative_InEar|Native_Bone,5,580,580,0.7689655172413793,0.7673114301807422
NonNative_Bone,2,NonNative_InEar|Native_Bone,6,580,580,0.7517241379310344,0.7460958050398957
NonNative_Bone,2,NonNative_InEar|Native_Bone,7,580,580,0.7620689655172413,0.7587852056063322
NonNative_Bone,2,NonNative_InEar|Native_Bone,8,580,580,0.7982758620689655,0.794790441304214
NonNative_Bone,2,NonNative_InEar|Native_Bone,9,580,580,0.7655172413793103,0.7599198545489693
NonNative_Bone,2,NonNative_InEar|Native_Bone,10,580,580,0.7706896551724138,0.7676730053721317
NonNative_Bone,2,NonNative_InEar|Neutral_Bone,1,580,580,0.7396551724137931,0.7314126222063575
NonNative_Bone,2,NonNative_InEar|Neutral_Bone,2,580,580,0.756896551724138,0.7502108356547428
NonNative_Bone,2,NonNative_InEar|Neutral_Bone,3,580,580,0.743103448275862,0.7343005696630013
NonNative_Bone,2,NonNative_InEar|Neutral_Bone,4,580,580,0.7258620689655172,0.7108674901796748
NonNative_Bone,2,NonNative_InEar|Neutral_Bone,5,580,580,0.7448275862068966,0.736441264810555
NonNative_Bone,2,NonNative_InEar|Neutral_Bone,6,580,580,0.7724137931034483,0.7683892297149006
NonNative_Bone,2,NonNative_InEar|Neutral_Bone,7,580,580,0.753448275862069,0.7424156964980355
NonNative_Bone,2,NonNative_InEar|Neutral_Bone,8,580,580,0.7379310344827587,0.7275032084448063
NonNative_Bone,2,NonNative_InEar|Neutral_Bone,9,580,580,0.7603448275862069,0.7527118293731903
NonNative_Bone,2,NonNative_InEar|Neutral_Bone,10,580,580,0.743103448275862,0.7370918577805666
NonNative_Bone,2,Neutral_InEar|Native_Bone,1,580,580,0.7896551724137931,0.7859667608387154
NonNative_Bone,2,Neutral_InEar|Native_Bone,2,580,580,0.7931034482758621,0.790144804186306
NonNative_Bone,2,Neutral_InEar|Native_Bone,3,580,580,0.7948275862068965,0.7910583503866826
NonNative_Bone,2,Neutral_InEar|Native_Bone,4,580,580,0.7965517241379311,0.7952554212194989
NonNative_Bone,2,Neutral_InEar|Native_Bone,5,580,580,0.7896551724137931,0.7883069323092273
NonNative_Bone,2,Neutral_InEar|Native_Bone,6,580,580,0.8189655172413793,0.8165966738072405
NonNative_Bone,2,Neutral_InEar|Native_Bone,7,580,580,0.7879310344827586,0.7836726617148255
NonNative_Bone,2,Neutral_InEar|Native_Bone,8,580,580,0.7965517241379311,0.7935412314385011
NonNative_Bone,2,Neutral_InEar|Native_Bone,9,580,580,0.803448275862069,0.7999726229820172
NonNative_Bone,2,Neutral_InEar|Native_Bone,10,580,580,0.7965517241379311,0.7941587242195765
NonNative_Bone,2,Neutral_InEar|Neutral_Bone,1,580,580,0.7879310344827586,0.7860596440061568
NonNative_Bone,2,Neutral_InEar|Neutral_Bone,2,580,580,0.7706896551724138,0.7693349342837172
NonNative_Bone,2,Neutral_InEar|Neutral_Bone,3,580,580,0.7672413793103449,0.764419354451572
NonNative_Bone,2,Neutral_InEar|Neutral_Bone,4,580,580,0.7724137931034483,0.7698323979036379
NonNative_Bone,2,Neutral_InEar|Neutral_Bone,5,580,580,0.7724137931034483,0.770878064764152
NonNative_Bone,2,Neutral_InEar|Neutral_Bone,6,580,580,0.7741379310344828,0.7710103071631336
NonNative_Bone,2,Neutral_InEar|Neutral_Bone,7,580,580,0.7810344827586206,0.7791246087737095
NonNative_Bone,2,Neutral_InEar|Neutral_Bone,8,580,580,0.7706896551724138,0.7692504062437389
NonNative_Bone,2,Neutral_InEar|Neutral_Bone,9,580,580,0.7741379310344828,0.7727808956291605
NonNative_Bone,2,Neutral_InEar|Neutral_Bone,10,580,580,0.7793103448275862,0.7804829751401994
NonNative_Bone,2,Native_Bone|Neutral_Bone,1,580,580,0.746551724137931,0.7378582179744348
NonNative_Bone,2,Native_Bone|Neutral_Bone,2,580,580,0.7655172413793103,0.7541989753667957
NonNative_Bone,2,Native_Bone|Neutral_Bone,3,580,580,0.7344827586206897,0.72090234829904
NonNative_Bone,2,Native_Bone|Neutral_Bone,4,580,580,0.743103448275862,0.734788998954555
NonNative_Bone,2,Native_Bone|Neutral_Bone,5,580,580,0.7741379310344828,0.7671726051009033
NonNative_Bone,2,Native_Bone|Neutral_Bone,6,580,580,0.7672413793103449,0.7583291326614269
NonNative_Bone,2,Native_Bone|Neutral_Bone,7,580,580,0.7482758620689656,0.7352888924040406
NonNative_Bone,2,Native_Bone|Neutral_Bone,8,580,580,0.7344827586206897,0.7276167301465508
NonNative_Bone,2,Native_Bone|Neutral_Bone,9,580,580,0.7379310344827587,0.727878532405138
NonNative_Bone,2,Native_Bone|Neutral_Bone,10,580,580,0.7517241379310344,0.7415495751754766
NonNative_Bone,3,Native_InEar|NonNative_InEar|Neutral_InEar,1,580,580,0.746551724137931,0.7383599020402257
NonNative_Bone,3,Native_InEar|NonNative_InEar|Neutral_InEar,2,580,580,0.7310344827586207,0.7236506508235847
NonNative_Bone,3,Native_InEar|NonNative_InEar|Neutral_InEar,3,580,580,0.7344827586206897,0.721463492087838
NonNative_Bone,3,Native_InEar|NonNative_InEar|Neutral_InEar,4,580,580,0.7293103448275862,0.7157884363069635
NonNative_Bone,3,Native_InEar|NonNative_InEar|Neutral_InEar,5,580,580,0.7344827586206897,0.7288650406700375
NonNative_Bone,3,Native_InEar|NonNative_InEar|Neutral_InEar,6,580,580,0.7517241379310344,0.7433864628110889
NonNative_Bone,3,Native_InEar|NonNative_InEar|Neutral_InEar,7,580,580,0.7603448275862069,0.7496723947459468
NonNative_Bone,3,Native_InEar|NonNative_InEar|Neutral_InEar,8,580,580,0.7275862068965517,0.7176047051647959
NonNative_Bone,3,Native_InEar|NonNative_InEar|Neutral_InEar,9,580,580,0.743103448275862,0.7347415315356305
NonNative_Bone,3,Native_InEar|NonNative_InEar|Neutral_InEar,10,580,580,0.7741379310344828,0.7673827071430156
NonNative_Bone,3,Native_InEar|NonNative_InEar|Native_Bone,1,580,580,0.7844827586206896,0.7788303698287168
NonNative_Bone,3,Native_InEar|NonNative_InEar|Native_Bone,2,580,580,0.7982758620689655,0.7919824198135338
NonNative_Bone,3,Native_InEar|NonNative_InEar|Native_Bone,3,580,580,0.7913793103448276,0.7852698764987529
NonNative_Bone,3,Native_InEar|NonNative_InEar|Native_Bone,4,580,580,0.7689655172413793,0.7629082611157699
NonNative_Bone,3,Native_InEar|NonNative_InEar|Native_Bone,5,580,580,0.7724137931034483,0.7632492931796542
NonNative_Bone,3,Native_InEar|NonNative_InEar|Native_Bone,6,580,580,0.7948275862068965,0.7938156612787726
NonNative_Bone,3,Native_InEar|NonNative_InEar|Native_Bone,7,580,580,0.7689655172413793,0.7602175075682378
NonNative_Bone,3,Native_InEar|NonNative_InEar|Native_Bone,8,580,580,0.7982758620689655,0.7924089697335711
NonNative_Bone,3,Native_InEar|NonNative_InEar|Native_Bone,9,580,580,0.7724137931034483,0.7648856942082635
NonNative_Bone,3,Native_InEar|NonNative_InEar|Native_Bone,10,580,580,0.7517241379310344,0.7434182026922505
NonNative_Bone,3,Native_InEar|NonNative_InEar|Neutral_Bone,1,580,580,0.7879310344827586,0.7844750371705194
NonNative_Bone,3,Native_InEar|NonNative_InEar|Neutral_Bone,2,580,580,0.7448275862068966,0.7391290446470569
NonNative_Bone,3,Native_InEar|NonNative_InEar|Neutral_Bone,3,580,580,0.7655172413793103,0.7599638286121552
NonNative_Bone,3,Native_InEar|NonNative_InEar|Neutral_Bone,4,580,580,0.7672413793103449,0.7598889243001629
NonNative_Bone,3,Native_InEar|NonNative_InEar|Neutral_Bone,5,580,580,0.7551724137931034,0.7485545571343051
NonNative_Bone,3,Native_InEar|NonNative_InEar|Neutral_Bone,6,580,580,0.7586206896551724,0.7516474648109956
NonNative_Bone,3,Native_InEar|NonNative_InEar|Neutral_Bone,7,580,580,0.756896551724138,0.7478636622374835
NonNative_Bone,3,Native_InEar|NonNative_InEar|Neutral_Bone,8,580,580,0.7758620689655172,0.7700828194973331
NonNative_Bone,3,Native_InEar|NonNative_InEar|Neutral_Bone,9,580,580,0.7862068965517242,0.7813892179022288
NonNative_Bone,3,Native_InEar|NonNative_InEar|Neutral_Bone,10,580,580,0.7413793103448276,0.7341512490663736
NonNative_Bone,3,Native_InEar|Neutral_InEar|Native_Bone,1,580,580,0.7827586206896552,0.7753280747483585
NonNative_Bone,3,Native_InEar|Neutral_InEar|Native_Bone,2,580,580,0.7965517241379311,0.7923412125898446
NonNative_Bone,3,Native_InEar|Neutral_InEar|Native_Bone,3,580,580,0.8051724137931034,0.7999176863447637
NonNative_Bone,3,Native_InEar|Neutral_InEar|Native_Bone,4,580,580,0.7931034482758621,0.7890159994785224
NonNative_Bone,3,Native_InEar|Neutral_InEar|Native_Bone,5,580,580,0.7827586206896552,0.7780800650938603
NonNative_Bone,3,Native_InEar|Neutral_InEar|Native_Bone,6,580,580,0.7931034482758621,0.7905255773330134
NonNative_Bone,3,Native_InEar|Neutral_InEar|Native_Bone,7,580,580,0.8086206896551724,0.8037239226205669
NonNative_Bone,3,Native_InEar|Neutral_InEar|Native_Bone,8,580,580,0.7965517241379311,0.791631233524759
NonNative_Bone,3,Native_InEar|Neutral_InEar|Native_Bone,9,580,580,0.8155172413793104,0.810423014222477
NonNative_Bone,3,Native_InEar|Neutral_InEar|Native_Bone,10,580,580,0.7844827586206896,0.7778403439975616
NonNative_Bone,3,Native_InEar|Neutral_InEar|Neutral_Bone,1,580,580,0.7724137931034483,0.7658449030923327
NonNative_Bone,3,Native_InEar|Neutral_InEar|Neutral_Bone,2,580,580,0.7620689655172413,0.7591019319929566
NonNative_Bone,3,Native_InEar|Neutral_InEar|Neutral_Bone,3,580,580,0.7655172413793103,0.7612671881987001
NonNative_Bone,3,Native_InEar|Neutral_InEar|Neutral_Bone,4,580,580,0.8068965517241379,0.8030681937902587
NonNative_Bone,3,Native_InEar|Neutral_InEar|Neutral_Bone,5,580,580,0.7793103448275862,0.7741239309059866
NonNative_Bone,3,Native_InEar|Neutral_InEar|Neutral_Bone,6,580,580,0.7948275862068965,0.7913252307541383
NonNative_Bone,3,Native_InEar|Neutral_InEar|Neutral_Bone,7,580,580,0.7775862068965518,0.7745886267933366
NonNative_Bone,3,Native_InEar|Neutral_InEar|Neutral_Bone,8,580,580,0.7879310344827586,0.7829208451293982
NonNative_Bone,3,Native_InEar|Neutral_InEar|Neutral_Bone,9,580,580,0.8137931034482758,0.8118027101217979
NonNative_Bone,3,Native_InEar|Neutral_InEar|Neutral_Bone,10,580,580,0.7931034482758621,0.7894380463972144
NonNative_Bone,3,Native_InEar|Native_Bone|Neutral_Bone,1,580,580,0.7862068965517242,0.7798010762215876
NonNative_Bone,3,Native_InEar|Native_Bone|Neutral_Bone,2,580,580,0.7896551724137931,0.7834192933105286
NonNative_Bone,3,Native_InEar|Native_Bone|Neutral_Bone,3,580,580,0.8051724137931034,0.8006658712857071
NonNative_Bone,3,Native_InEar|Native_Bone|Neutral_Bone,4,580,580,0.7775862068965518,0.767536827301709
NonNative_Bone,3,Native_InEar|Native_Bone|Neutral_Bone,5,580,580,0.7827586206896552,0.7758995772239922
NonNative_Bone,3,Native_InEar|Native_Bone|Neutral_Bone,6,580,580,0.7896551724137931,0.7831051369839049
NonNative_Bone,3,Native_InEar|Native_Bone|Neutral_Bone,7,580,580,0.7862068965517242,0.7791663319018001
NonNative_Bone,3,Native_InEar|Native_Bone|Neutral_Bone,8,580,580,0.7758620689655172,0.7705027681514047
NonNative_Bone,3,Native_InEar|Native_Bone|Neutral_Bone,9,580,580,0.7982758620689655,0.7896548236280361
NonNative_Bone,3,Native_InEar|Native_Bone|Neutral_Bone,10,580,580,0.7724137931034483,0.7632774913436133
NonNative_Bone,3,NonNative_InEar|Neutral_InEar|Native_Bone,1,580,580,0.8051724137931034,0.8014384348119936
NonNative_Bone,3,NonNative_InEar|Neutral_InEar|Native_Bone,2,580,580,0.8172413793103448,0.8154741101152755
NonNative_Bone,3,NonNative_InEar|Neutral_InEar|Native_Bone,3,580,580,0.7896551724137931,0.7849244328524533
NonNative_Bone,3,NonNative_InEar|Neutral_InEar|Native_Bone,4,580,580,0.7655172413793103,0.7635577563458957
NonNative_Bone,3,NonNative_InEar|Neutral_InEar|Native_Bone,5,580,580,0.7982758620689655,0.7938754870944826
NonNative_Bone,3,NonNative_InEar|Neutral_InEar|Native_Bone,6,580,580,0.8,0.7964518013438363
NonNative_Bone,3,NonNative_InEar|Neutral_InEar|Native_Bone,7,580,580,0.8051724137931034,0.8009093689008868
NonNative_Bone,3,NonNative_InEar|Neutral_InEar|Native_Bone,8,580,580,0.7758620689655172,0.7719721102762842
NonNative_Bone,3,NonNative_InEar|Neutral_InEar|Native_Bone,9,580,580,0.7620689655172413,0.7557405698747057
NonNative_Bone,3,NonNative_InEar|Neutral_InEar|Native_Bone,10,580,580,0.7620689655172413,0.7590529599891518
NonNative_Bone,3,NonNative_InEar|Neutral_InEar|Neutral_Bone,1,580,580,0.7586206896551724,0.7529373836872595
NonNative_Bone,3,NonNative_InEar|Neutral_InEar|Neutral_Bone,2,580,580,0.7862068965517242,0.7843504305704447
NonNative_Bone,3,NonNative_InEar|Neutral_InEar|Neutral_Bone,3,580,580,0.8086206896551724,0.8079567827386104
NonNative_Bone,3,NonNative_InEar|Neutral_InEar|Neutral_Bone,4,580,580,0.8,0.7970386851276823
NonNative_Bone,3,NonNative_InEar|Neutral_InEar|Neutral_Bone,5,580,580,0.7741379310344828,0.7702179803701708
NonNative_Bone,3,NonNative_InEar|Neutral_InEar|Neutral_Bone,6,580,580,0.7758620689655172,0.7746749194754153
NonNative_Bone,3,NonNative_InEar|Neutral_InEar|Neutral_Bone,7,580,580,0.7810344827586206,0.7792507625110219
NonNative_Bone,3,NonNative_InEar|Neutral_InEar|Neutral_Bone,8,580,580,0.7827586206896552,0.78075527150821
NonNative_Bone,3,NonNative_InEar|Neutral_InEar|Neutral_Bone,9,580,580,0.7741379310344828,0.7716648132217011
NonNative_Bone,3,NonNative_InEar|Neutral_InEar|Neutral_Bone,10,580,580,0.7482758620689656,0.744256819215058
NonNative_Bone,3,NonNative_InEar|Native_Bone|Neutral_Bone,1,580,580,0.7655172413793103,0.7612761261822921
NonNative_Bone,3,NonNative_InEar|Native_Bone|Neutral_Bone,2,580,580,0.8051724137931034,0.8032263326418289
NonNative_Bone,3,NonNative_InEar|Native_Bone|Neutral_Bone,3,580,580,0.7724137931034483,0.7703094687375515
NonNative_Bone,3,NonNative_InEar|Native_Bone|Neutral_Bone,4,580,580,0.7706896551724138,0.765106408322598
NonNative_Bone,3,NonNative_InEar|Native_Bone|Neutral_Bone,5,580,580,0.7758620689655172,0.7729355853197766
NonNative_Bone,3,NonNative_InEar|Native_Bone|Neutral_Bone,6,580,580,0.7741379310344828,0.7704480612492114
NonNative_Bone,3,NonNative_InEar|Native_Bone|Neutral_Bone,7,580,580,0.7758620689655172,0.7713439939779145
NonNative_Bone,3,NonNative_InEar|Native_Bone|Neutral_Bone,8,580,580,0.7896551724137931,0.7861560227389556
NonNative_Bone,3,NonNative_InEar|Native_Bone|Neutral_Bone,9,580,580,0.7862068965517242,0.782081205014612
NonNative_Bone,3,NonNative_InEar|Native_Bone|Neutral_Bone,10,580,580,0.75,0.74334749487245
NonNative_Bone,3,Neutral_InEar|Native_Bone|Neutral_Bone,1,580,580,0.7793103448275862,0.7729181792118438
NonNative_Bone,3,Neutral_InEar|Native_Bone|Neutral_Bone,2,580,580,0.7689655172413793,0.7638572948938793
NonNative_Bone,3,Neutral_InEar|Native_Bone|Neutral_Bone,3,580,580,0.7879310344827586,0.7856787743651764
NonNative_Bone,3,Neutral_InEar|Native_Bone|Neutral_Bone,4,580,580,0.7637931034482759,0.7610081734769082
NonNative_Bone,3,Neutral_InEar|Native_Bone|Neutral_Bone,5,580,580,0.7844827586206896,0.778225803650857
NonNative_Bone,3,Neutral_InEar|Native_Bone|Neutral_Bone,6,580,580,0.7810344827586206,0.7760163264296969
NonNative_Bone,3,Neutral_InEar|Native_Bone|Neutral_Bone,7,580,580,0.7982758620689655,0.7956220110152425
NonNative_Bone,3,Neutral_InEar|Native_Bone|Neutral_Bone,8,580,580,0.7965517241379311,0.7936649532758077
NonNative_Bone,3,Neutral_InEar|Native_Bone|Neutral_Bone,9,580,580,0.7948275862068965,0.7916575907502545
NonNative_Bone,3,Neutral_InEar|Native_Bone|Neutral_Bone,10,580,580,0.7931034482758621,0.7878160345447803
NonNative_Bone,5,Native_InEar|NonNative_InEar|Neutral_InEar|Native_Bone|Neutral_Bone,1,580,580,0.8137931034482758,0.8101044282245464
NonNative_Bone,5,Native_InEar|NonNative_InEar|Neutral_InEar|Native_Bone|Neutral_Bone,2,580,580,0.7948275862068965,0.7912555913333604
NonNative_Bone,5,Native_InEar|NonNative_InEar|Neutral_InEar|Native_Bone|Neutral_Bone,3,580,580,0.7775862068965518,0.7749841908605647
NonNative_Bone,5,Native_InEar|NonNative_InEar|Neutral_InEar|Native_Bone|Neutral_Bone,4,580,580,0.7844827586206896,0.7803934399517851
NonNative_Bone,5,Native_InEar|NonNative_InEar|Neutral_InEar|Native_Bone|Neutral_Bone,5,580,580,0.8137931034482758,0.8091482766526139
NonNative_Bone,5,Native_InEar|NonNative_InEar|Neutral_InEar|Native_Bone|Neutral_Bone,6,580,580,0.8155172413793104,0.8119332893944928
NonNative_Bone,5,Native_InEar|NonNative_InEar|Neutral_InEar|Native_Bone|Neutral_Bone,7,580,580,0.7706896551724138,0.7619585629612262
NonNative_Bone,5,Native_InEar|NonNative_InEar|Neutral_InEar|Native_Bone|Neutral_Bone,8,580,580,0.7879310344827586,0.7828588621134003
NonNative_Bone,5,Native_InEar|NonNative_InEar|Neutral_InEar|Native_Bone|Neutral_Bone,9,580,580,0.7862068965517242,0.7841689944400311
NonNative_Bone,5,Native_InEar|NonNative_InEar|Neutral_InEar|Native_Bone|Neutral_Bone,10,580,580,0.8,0.7948518233990541
Neutral_Bone,1,Native_InEar,1,580,580,0.6741379310344827,0.6439760237935177
Neutral_Bone,1,Native_InEar,2,580,580,0.6758620689655173,0.6435820956711333
Neutral_Bone,1,Native_InEar,3,580,580,0.6827586206896552,0.6525351643495756
Neutral_Bone,1,Native_InEar,4,580,580,0.6793103448275862,0.6467060633131091
Neutral_Bone,1,Native_InEar,5,580,580,0.6775862068965517,0.6412656998685722
Neutral_Bone,1,Native_InEar,6,580,580,0.6724137931034483,0.6415620829455675
Neutral_Bone,1,Native_InEar,7,580,580,0.6689655172413793,0.6383867528068128
Neutral_Bone,1,Native_InEar,8,580,580,0.6655172413793103,0.6312329505833312
Neutral_Bone,1,Native_InEar,9,580,580,0.6810344827586207,0.6439702861900887
Neutral_Bone,1,Native_InEar,10,580,580,0.6879310344827586,0.6536917912288106
Neutral_Bone,1,NonNative_InEar,1,580,580,0.6931034482758621,0.6910819981457015
Neutral_Bone,1,NonNative_InEar,2,580,580,0.6931034482758621,0.6894660841094827
Neutral_Bone,1,NonNative_InEar,3,580,580,0.6931034482758621,0.6900726792204498
Neutral_Bone,1,NonNative_InEar,4,580,580,0.6948275862068966,0.6913190547806706
Neutral_Bone,1,NonNative_InEar,5,580,580,0.6879310344827586,0.682469941777966
Neutral_Bone,1,NonNative_InEar,6,580,580,0.6672413793103448,0.6642056488887167
Neutral_Bone,1,NonNative_InEar,7,580,580,0.6724137931034483,0.6691092605021913
Neutral_Bone,1,NonNative_InEar,8,580,580,0.6827586206896552,0.6798735876431532
Neutral_Bone,1,NonNative_InEar,9,580,580,0.6775862068965517,0.6729491403851156
Neutral_Bone,1,NonNative_InEar,10,580,580,0.6862068965517242,0.6848037882492408
Neutral_Bone,1,Neutral_InEar,1,580,580,0.7017241379310345,0.6925821101583114
Neutral_Bone,1,Neutral_InEar,2,580,580,0.696551724137931,0.6864874660315643
Neutral_Bone,1,Neutral_InEar,3,580,580,0.7,0.6919041442106235
Neutral_Bone,1,Neutral_InEar,4,580,580,0.7034482758620689,0.6946859791388653
Neutral_Bone,1,Neutral_InEar,5,580,580,0.7068965517241379,0.6968852329630577
Neutral_Bone,1,Neutral_InEar,6,580,580,0.6810344827586207,0.6688095383139327
Neutral_Bone,1,Neutral_InEar,7,580,580,0.7120689655172414,0.7041090848044931
Neutral_Bone,1,Neutral_InEar,8,580,580,0.7034482758620689,0.6920362114882843
Neutral_Bone,1,Neutral_InEar,9,580,580,0.7034482758620689,0.6960086736767284
Neutral_Bone,1,Neutral_InEar,10,580,580,0.7034482758620689,0.693750831968848
Neutral_Bone,1,Native_Bone,1,580,580,0.6603448275862069,0.6342693794273594
Neutral_Bone,1,Native_Bone,2,580,580,0.6655172413793103,0.64225931125342
Neutral_Bone,1,Native_Bone,3,580,580,0.653448275862069,0.6285274376880462
Neutral_Bone,1,Native_Bone,4,580,580,0.6620689655172414,0.6419028707249484
Neutral_Bone,1,Native_Bone,5,580,580,0.6603448275862069,0.6341539160269501
Neutral_Bone,1,Native_Bone,6,580,580,0.6379310344827587,0.6188366241861605
Neutral_Bone,1,Native_Bone,7,580,580,0.6603448275862069,0.636972022117881
Neutral_Bone,1,Native_Bone,8,580,580,0.6586206896551724,0.6368826586141704
Neutral_Bone,1,Native_Bone,9,580,580,0.646551724137931,0.6263004725232577
Neutral_Bone,1,Native_Bone,10,580,580,0.6603448275862069,0.6348860801798012
Neutral_Bone,1,NonNative_Bone,1,580,580,0.7224137931034482,0.7041351976535043
Neutral_Bone,1,NonNative_Bone,2,580,580,0.7362068965517241,0.7189642637899836
Neutral_Bone,1,NonNative_Bone,3,580,580,0.7327586206896551,0.7142007479413126
Neutral_Bone,1,NonNative_Bone,4,580,580,0.7293103448275862,0.7133053946544061
Neutral_Bone,1,NonNative_Bone,5,580,580,0.7310344827586207,0.71482109526298
Neutral_Bone,1,NonNative_Bone,6,580,580,0.7275862068965517,0.709915672546507
Neutral_Bone,1,NonNative_Bone,7,580,580,0.7344827586206897,0.7155368591777582
Neutral_Bone,1,NonNative_Bone,8,580,580,0.7155172413793104,0.6971565986475983
Neutral_Bone,1,NonNative_Bone,9,580,580,0.7258620689655172,0.7062370789729583
Neutral_Bone,1,NonNative_Bone,10,580,580,0.7327586206896551,0.7153991565270319
Neutral_Bone,2,Native_InEar|NonNative_InEar,1,580,580,0.7155172413793104,0.7031956022496777
Neutral_Bone,2,Native_InEar|NonNative_InEar,2,580,580,0.7086206896551724,0.6964562921807035
Neutral_Bone,2,Native_InEar|NonNative_InEar,3,580,580,0.6982758620689655,0.6895769744138921
Neutral_Bone,2,Native_InEar|NonNative_InEar,4,580,580,0.6896551724137931,0.6780603824097408
Neutral_Bone,2,Native_InEar|NonNative_InEar,5,580,580,0.7155172413793104,0.7061965157412209
Neutral_Bone,2,Native_InEar|NonNative_InEar,6,580,580,0.6879310344827586,0.6722698186421487
Neutral_Bone,2,Native_InEar|NonNative_InEar,7,580,580,0.6982758620689655,0.6826404899834607
Neutral_Bone,2,Native_InEar|NonNative_InEar,8,580,580,0.6758620689655173,0.6663864097773643
Neutral_Bone,2,Native_InEar|NonNative_InEar,9,580,580,0.6603448275862069,0.6424927560757001
Neutral_Bone,2,Native_InEar|NonNative_InEar,10,580,580,0.6982758620689655,0.6846669448107491
Neutral_Bone,2,Native_InEar|Neutral_InEar,1,580,580,0.7172413793103448,0.7039916676696072
Neutral_Bone,2,Native_InEar|Neutral_InEar,2,580,580,0.7344827586206897,0.7203590402686824
Neutral_Bone,2,Native_InEar|Neutral_InEar,3,580,580,0.6948275862068966,0.6758129507306105
Neutral_Bone,2,Native_InEar|Neutral_InEar,4,580,580,0.7017241379310345,0.6831495970338239
Neutral_Bone,2,Native_InEar|Neutral_InEar,5,580,580,0.7120689655172414,0.6984585645021765
Neutral_Bone,2,Native_InEar|Neutral_InEar,6,580,580,0.6706896551724137,0.6572505028318155
Neutral_Bone,2,Native_InEar|Neutral_InEar,7,580,580,0.7172413793103448,0.706552554484101
Neutral_Bone,2,Native_InEar|Neutral_InEar,8,580,580,0.7068965517241379,0.6924694637301013
Neutral_Bone,2,Native_InEar|Neutral_InEar,9,580,580,0.6931034482758621,0.681403225872848
Neutral_Bone,2,Native_InEar|Neutral_InEar,10,580,580,0.7017241379310345,0.6878320217951948
Neutral_Bone,2,Native_InEar|Native_Bone,1,580,580,0.7258620689655172,0.7175170298664633
Neutral_Bone,2,Native_InEar|Native_Bone,2,580,580,0.7051724137931035,0.6929682916289338
Neutral_Bone,2,Native_InEar|Native_Bone,3,580,580,0.7413793103448276,0.7240769980841898
Neutral_Bone,2,Native_InEar|Native_Bone,4,580,580,0.6931034482758621,0.6781989692662264
Neutral_Bone,2,Native_InEar|Native_Bone,5,580,580,0.6896551724137931,0.6650939663917551
Neutral_Bone,2,Native_InEar|Native_Bone,6,580,580,0.7379310344827587,0.7275722211382325
Neutral_Bone,2,Native_InEar|Native_Bone,7,580,580,0.7172413793103448,0.704448239000312
Neutral_Bone,2,Native_InEar|Native_Bone,8,580,580,0.7258620689655172,0.7170521579617697
Neutral_Bone,2,Native_InEar|Native_Bone,9,580,580,0.7379310344827587,0.7260066048459993
Neutral_Bone,2,Native_InEar|Native_Bone,10,580,580,0.746551724137931,0.736704422060676
Neutral_Bone,2,Native_InEar|NonNative_Bone,1,580,580,0.743103448275862,0.7262567528800543
Neutral_Bone,2,Native_InEar|NonNative_Bone,2,580,580,0.7379310344827587,0.7229821750937788
Neutral_Bone,2,Native_InEar|NonNative_Bone,3,580,580,0.7396551724137931,0.7190673990328574
Neutral_Bone,2,Native_InEar|NonNative_Bone,4,580,580,0.7517241379310344,0.7322897433191208
Neutral_Bone,2,Native_InEar|NonNative_Bone,5,580,580,0.7293103448275862,0.7102343531410648
Neutral_Bone,2,Native_InEar|NonNative_Bone,6,580,580,0.7603448275862069,0.7459523669095137
Neutral_Bone,2,Native_InEar|NonNative_Bone,7,580,580,0.7189655172413794,0.6969605486665017
Neutral_Bone,2,Native_InEar|NonNative_Bone,8,580,580,0.7603448275862069,0.7425576133213626
Neutral_Bone,2,Native_InEar|NonNative_Bone,9,580,580,0.7448275862068966,0.7266688036574874
Neutral_Bone,2,Native_InEar|NonNative_Bone,10,580,580,0.7396551724137931,0.719438906719506
Neutral_Bone,2,NonNative_InEar|Neutral_InEar,1,580,580,0.7137931034482758,0.708819882225706
Neutral_Bone,2,NonNative_InEar|Neutral_InEar,2,580,580,0.7017241379310345,0.697716937462255
Neutral_Bone,2,NonNative_InEar|Neutral_InEar,3,580,580,0.6913793103448276,0.6836256294862468
Neutral_Bone,2,NonNative_InEar|Neutral_InEar,4,580,580,0.7,0.6931716563569827
Neutral_Bone,2,NonNative_InEar|Neutral_InEar,5,580,580,0.7189655172413794,0.7137656698474222
Neutral_Bone,2,NonNative_InEar|Neutral_InEar,6,580,580,0.7051724137931035,0.6970153676801764
Neutral_Bone,2,NonNative_InEar|Neutral_InEar,7,580,580,0.7310344827586207,0.72756082006311
Neutral_Bone,2,NonNative_InEar|Neutral_InEar,8,580,580,0.7206896551724138,0.7171332704261136
Neutral_Bone,2,NonNative_InEar|Neutral_InEar,9,580,580,0.6896551724137931,0.6875605334815912
Neutral_Bone,2,NonNative_InEar|Neutral_InEar,10,580,580,0.7034482758620689,0.6963211243678644
Neutral_Bone,2,NonNative_InEar|Native_Bone,1,580,580,0.7293103448275862,0.7205656485156389
Neutral_Bone,2,NonNative_InEar|Native_Bone,2,580,580,0.7034482758620689,0.6940875969977116
Neutral_Bone,2,NonNative_InEar|Native_Bone,3,580,580,0.7241379310344828,0.717175723113282
Neutral_Bone,2,NonNative_InEar|Native_Bone,4,580,580,0.7241379310344828,0.7154306980024306
Neutral_Bone,2,NonNative_InEar|Native_Bone,5,580,580,0.7155172413793104,0.7028238145659953
Neutral_Bone,2,NonNative_InEar|Native_Bone,6,580,580,0.7224137931034482,0.7165708456676335
Neutral_Bone,2,NonNative_InEar|Native_Bone,7,580,580,0.7344827586206897,0.7299169148622853
Neutral_Bone,2,NonNative_InEar|Native_Bone,8,580,580,0.7155172413793104,0.7053908137442992
Neutral_Bone,2,NonNative_InEar|Native_Bone,9,580,580,0.7051724137931035,0.7015652303744673
Neutral_Bone,2,NonNative_InEar|Native_Bone,10,580,580,0.7206896551724138,0.7135795611856021
Neutral_Bone,2,NonNative_InEar|NonNative_Bone,1,580,580,0.7275862068965517,0.717208167484687
Neutral_Bone,2,NonNative_InEar|NonNative_Bone,2,580,580,0.7275862068965517,0.7155915709856528
Neutral_Bone,2,NonNative_InEar|NonNative_Bone,3,580,580,0.6982758620689655,0.6972197826473516
Neutral_Bone,2,NonNative_InEar|NonNative_Bone,4,580,580,0.7344827586206897,0.7210052929802073
Neutral_Bone,2,NonNative_InEar|NonNative_Bone,5,580,580,0.6982758620689655,0.687101449959378
Neutral_Bone,2,NonNative_InEar|NonNative_Bone,6,580,580,0.7344827586206897,0.729259603644027
Neutral_Bone,2,NonNative_InEar|NonNative_Bone,7,580,580,0.7189655172413794,0.7089268626140981
Neutral_Bone,2,NonNative_InEar|NonNative_Bone,8,580,580,0.7155172413793104,0.703970572428563
Neutral_Bone,2,NonNative_InEar|NonNative_Bone,9,580,580,0.7258620689655172,0.7157884364705488
Neutral_Bone,2,NonNative_InEar|NonNative_Bone,10,580,580,0.7241379310344828,0.7193010194813803
Neutral_Bone,2,Neutral_InEar|Native_Bone,1,580,580,0.756896551724138,0.7489783954415833
Neutral_Bone,2,Neutral_InEar|Native_Bone,2,580,580,0.743103448275862,0.7383887795021093
Neutral_Bone,2,Neutral_InEar|Native_Bone,3,580,580,0.746551724137931,0.7390450116772335
Neutral_Bone,2,Neutral_InEar|Native_Bone,4,580,580,0.7637931034482759,0.7533263146812771
Neutral_Bone,2,Neutral_InEar|Native_Bone,5,580,580,0.7620689655172413,0.7552124594856252
Neutral_Bone,2,Neutral_InEar|Native_Bone,6,580,580,0.7448275862068966,0.7332302628361135
Neutral_Bone,2,Neutral_InEar|Native_Bone,7,580,580,0.756896551724138,0.750949676180984
Neutral_Bone,2,Neutral_InEar|Native_Bone,8,580,580,0.7275862068965517,0.71367564465948
Neutral_Bone,2,Neutral_InEar|Native_Bone,9,580,580,0.7551724137931034,0.7489508322848624
Neutral_Bone,2,Neutral_InEar|Native_Bone,10,580,580,0.7706896551724138,0.7607053406845693
Neutral_Bone,2,Neutral_InEar|NonNative_Bone,1,580,580,0.7603448275862069,0.750857469310262
Neutral_Bone,2,Neutral_InEar|NonNative_Bone,2,580,580,0.7672413793103449,0.7546887429760883
Neutral_Bone,2,Neutral_InEar|NonNative_Bone,3,580,580,0.7258620689655172,0.711390442373185
Neutral_Bone,2,Neutral_InEar|NonNative_Bone,4,580,580,0.7379310344827587,0.7294929311370841
Neutral_Bone,2,Neutral_InEar|NonNative_Bone,5,580,580,0.7620689655172413,0.7509345671733147
Neutral_Bone,2,Neutral_InEar|NonNative_Bone,6,580,580,0.7396551724137931,0.7254839950888817
Neutral_Bone,2,Neutral_InEar|NonNative_Bone,7,580,580,0.7482758620689656,0.7359887201445731
Neutral_Bone,2,Neutral_InEar|NonNative_Bone,8,580,580,0.756896551724138,0.7494560950833511
Neutral_Bone,2,Neutral_InEar|NonNative_Bone,9,580,580,0.7586206896551724,0.7469972407936842
Neutral_Bone,2,Neutral_InEar|NonNative_Bone,10,580,580,0.746551724137931,0.7414074140273457
Neutral_Bone,2,Native_Bone|NonNative_Bone,1,580,580,0.7482758620689656,0.7358580496166804
Neutral_Bone,2,Native_Bone|NonNative_Bone,2,580,580,0.7551724137931034,0.7413239158473303
Neutral_Bone,2,Native_Bone|NonNative_Bone,3,580,580,0.7603448275862069,0.7444562212100406
Neutral_Bone,2,Native_Bone|NonNative_Bone,4,580,580,0.7086206896551724,0.6941146351796035
Neutral_Bone,2,Native_Bone|NonNative_Bone,5,580,580,0.7310344827586207,0.7153516267258944
Neutral_Bone,2,Native_Bone|NonNative_Bone,6,580,580,0.7448275862068966,0.7299224762866044
Neutral_Bone,2,Native_Bone|NonNative_Bone,7,580,580,0.7327586206896551,0.7219827545327411
Neutral_Bone,2,Native_Bone|NonNative_Bone,8,580,580,0.756896551724138,0.7443850058277877
Neutral_Bone,2,Native_Bone|NonNative_Bone,9,580,580,0.743103448275862,0.7297110856883889
Neutral_Bone,2,Native_Bone|NonNative_Bone,10,580,580,0.7379310344827587,0.7281784602286849
Neutral_Bone,3,Native_InEar|NonNative_InEar|Neutral_InEar,1,580,580,0.7068965517241379,0.6992555684984302
Neutral_Bone,3,Native_InEar|NonNative_InEar|Neutral_InEar,2,580,580,0.7068965517241379,0.6910299147569894
Neutral_Bone,3,Native_InEar|NonNative_InEar|Neutral_InEar,3,580,580,0.7241379310344828,0.716675480980405
Neutral_Bone,3,Native_InEar|NonNative_InEar|Neutral_InEar,4,580,580,0.7086206896551724,0.6967250940663124
Neutral_Bone,3,Native_InEar|NonNative_InEar|Neutral_InEar,5,580,580,0.7068965517241379,0.6969333195192781
Neutral_Bone,3,Native_InEar|NonNative_InEar|Neutral_InEar,6,580,580,0.7448275862068966,0.7375129635144071
Neutral_Bone,3,Native_InEar|NonNative_InEar|Neutral_InEar,7,580,580,0.7189655172413794,0.71111770369724
Neutral_Bone,3,Native_InEar|NonNative_InEar|Neutral_InEar,8,580,580,0.6982758620689655,0.6882073593998832
Neutral_Bone,3,Native_InEar|NonNative_InEar|Neutral_InEar,9,580,580,0.7275862068965517,0.7180997219794969
Neutral_Bone,3,Native_InEar|NonNative_InEar|Neutral_InEar,10,580,580,0.7206896551724138,0.7155807669646983
Neutral_Bone,3,Native_InEar|NonNative_InEar|Native_Bone,1,580,580,0.7258620689655172,0.7205974654307024
Neutral_Bone,3,Native_InEar|NonNative_InEar|Native_Bone,2,580,580,0.7310344827586207,0.7217206562766847
Neutral_Bone,3,Native_InEar|NonNative_InEar|Native_Bone,3,580,580,0.7362068965517241,0.7282166662552167
Neutral_Bone,3,Native_InEar|NonNative_InEar|Native_Bone,4,580,580,0.7258620689655172,0.7137392892301435
Neutral_Bone,3,Native_InEar|NonNative_InEar|Native_Bone,5,580,580,0.7034482758620689,0.694256545301021
Neutral_Bone,3,Native_InEar|NonNative_InEar|Native_Bone,6,580,580,0.746551724137931,0.7362106763367704
Neutral_Bone,3,Native_InEar|NonNative_InEar|Native_Bone,7,580,580,0.7120689655172414,0.7052366216949767
Neutral_Bone,3,Native_InEar|NonNative_InEar|Native_Bone,8,580,580,0.7482758620689656,0.7446415933929195
Neutral_Bone,3,Native_InEar|NonNative_InEar|Native_Bone,9,580,580,0.7293103448275862,0.7156652876810558
Neutral_Bone,3,Native_InEar|NonNative_InEar|Native_Bone,10,580,580,0.7379310344827587,0.7259918642864445
Neutral_Bone,3,Native_InEar|NonNative_InEar|NonNative_Bone,1,580,580,0.7482758620689656,0.7327767552135276
Neutral_Bone,3,Native_InEar|NonNative_InEar|NonNative_Bone,2,580,580,0.7241379310344828,0.7142130814835718
Neutral_Bone,3,Native_InEar|NonNative_InEar|NonNative_Bone,3,580,580,0.7224137931034482,0.7096875375697892
Neutral_Bone,3,Native_InEar|NonNative_InEar|NonNative_Bone,4,580,580,0.7482758620689656,0.7330970713138485
Neutral_Bone,3,Native_InEar|NonNative_InEar|NonNative_Bone,5,580,580,0.7482758620689656,0.7423640217160723
Neutral_Bone,3,Native_InEar|NonNative_InEar|NonNative_Bone,6,580,580,0.7396551724137931,0.7273389125159603
Neutral_Bone,3,Native_InEar|NonNative_InEar|NonNative_Bone,7,580,580,0.7344827586206897,0.7234156649192727
Neutral_Bone,3,Native_InEar|NonNative_InEar|NonNative_Bone,8,580,580,0.7396551724137931,0.7277043534418828
Neutral_Bone,3,Native_InEar|NonNative_InEar|NonNative_Bone,9,580,580,0.7275862068965517,0.7125102608454548
Neutral_Bone,3,Native_InEar|NonNative_InEar|NonNative_Bone,10,580,580,0.7189655172413794,0.7036184611737581
Neutral_Bone,3,Native_InEar|Neutral_InEar|Native_Bone,1,580,580,0.7689655172413793,0.7609217218486185
Neutral_Bone,3,Native_InEar|Neutral_InEar|Native_Bone,2,580,580,0.7086206896551724,0.6931692438642295
Neutral_Bone,3,Native_InEar|Neutral_InEar|Native_Bone,3,580,580,0.7224137931034482,0.7081596930078133
Neutral_Bone,3,Native_InEar|Neutral_InEar|Native_Bone,4,580,580,0.7620689655172413,0.7497667534165605
Neutral_Bone,3,Native_InEar|Neutral_InEar|Native_Bone,5,580,580,0.7482758620689656,0.7377425355954847
Neutral_Bone,3,Native_InEar|Neutral_InEar|Native_Bone,6,580,580,0.7362068965517241,0.733282669478696
Neutral_Bone,3,Native_InEar|Neutral_InEar|Native_Bone,7,580,580,0.7275862068965517,0.7160550504973877
Neutral_Bone,3,Native_InEar|Neutral_InEar|Native_Bone,8,580,580,0.7603448275862069,0.7491849567043821
Neutral_Bone,3,Native_InEar|Neutral_InEar|Native_Bone,9,580,580,0.753448275862069,0.7416328488784019
Neutral_Bone,3,Native_InEar|Neutral_InEar|Native_Bone,10,580,580,0.7258620689655172,0.7133626181531476
Neutral_Bone,3,Native_InEar|Neutral_InEar|NonNative_Bone,1,580,580,0.7448275862068966,0.7310230016591512
Neutral_Bone,3,Native_InEar|Neutral_InEar|NonNative_Bone,2,580,580,0.7551724137931034,0.7459296101936339
Neutral_Bone,3,Native_InEar|Neutral_InEar|NonNative_Bone,3,580,580,0.7413793103448276,0.7296242800274798
Neutral_Bone,3,Native_InEar|Neutral_InEar|NonNative_Bone,4,580,580,0.746551724137931,0.7313349044239917
Neutral_Bone,3,Native_InEar|Neutral_InEar|NonNative_Bone,5,580,580,0.7344827586206897,0.7220825841240999
Neutral_Bone,3,Native_InEar|Neutral_InEar|NonNative_Bone,6,580,580,0.7206896551724138,0.6986322268008445
Neutral_Bone,3,Native_InEar|Neutral_InEar|NonNative_Bone,7,580,580,0.7448275862068966,0.7303432581268604
Neutral_Bone,3,Native_InEar|Neutral_InEar|NonNative_Bone,8,580,580,0.7637931034482759,0.7506275114865367
Neutral_Bone,3,Native_InEar|Neutral_InEar|NonNative_Bone,9,580,580,0.7603448275862069,0.750558227834997
Neutral_Bone,3,Native_InEar|Neutral_InEar|NonNative_Bone,10,580,580,0.7517241379310344,0.7385915424042075
Neutral_Bone,3,Native_InEar|Native_Bone|NonNative_Bone,1,580,580,0.753448275862069,0.734945050232786
Neutral_Bone,3,Native_InEar|Native_Bone|NonNative_Bone,2,580,580,0.7241379310344828,0.700346964972993
Neutral_Bone,3,Native_InEar|Native_Bone|NonNative_Bone,3,580,580,0.7362068965517241,0.7151470044259753
Neutral_Bone,3,Native_InEar|Native_Bone|NonNative_Bone,4,580,580,0.753448275862069,0.7377124119961334
Neutral_Bone,3,Native_InEar|Native_Bone|NonNative_Bone,5,580,580,0.743103448275862,0.7320075828154126
Neutral_Bone,3,Native_InEar|Native_Bone|NonNative_Bone,6,580,580,0.7344827586206897,0.7219201077737905
Neutral_Bone,3,Native_InEar|Native_Bone|NonNative_Bone,7,580,580,0.7551724137931034,0.7429340378752998
Neutral_Bone,3,Native_InEar|Native_Bone|NonNative_Bone,8,580,580,0.756896551724138,0.748120718808537
Neutral_Bone,3,Native_InEar|Native_Bone|NonNative_Bone,9,580,580,0.756896551724138,0.7413315641360849
Neutral_Bone,3,Native_InEar|Native_Bone|NonNative_Bone,10,580,580,0.7655172413793103,0.7512334470367378
Neutral_Bone,3,NonNative_InEar|Neutral_InEar|Native_Bone,1,580,580,0.7362068965517241,0.7256366867330521
Neutral_Bone,3,NonNative_InEar|Neutral_InEar|Native_Bone,2,580,580,0.7758620689655172,0.7695175709535077
Neutral_Bone,3,NonNative_InEar|Neutral_InEar|Native_Bone,3,580,580,0.75,0.7411779034535778
Neutral_Bone,3,NonNative_InEar|Neutral_InEar|Native_Bone,4,580,580,0.746551724137931,0.7375008954319607
Neutral_Bone,3,NonNative_InEar|Neutral_InEar|Native_Bone,5,580,580,0.7551724137931034,0.7521059238906339
Neutral_Bone,3,NonNative_InEar|Neutral_InEar|Native_Bone,6,580,580,0.7448275862068966,0.7409257932402994
Neutral_Bone,3,NonNative_InEar|Neutral_InEar|Native_Bone,7,580,580,0.7379310344827587,0.7333986862647456
Neutral_Bone,3,NonNative_InEar|Neutral_InEar|Native_Bone,8,580,580,0.7482758620689656,0.7432640786448397
Neutral_Bone,3,NonNative_InEar|Neutral_InEar|Native_Bone,9,580,580,0.743103448275862,0.7366542324824559
Neutral_Bone,3,NonNative_InEar|Neutral_InEar|Native_Bone,10,580,580,0.7224137931034482,0.717711926645623
Neutral_Bone,3,NonNative_InEar|Neutral_InEar|NonNative_Bone,1,580,580,0.7344827586206897,0.729697462197438
Neutral_Bone,3,NonNative_InEar|Neutral_InEar|NonNative_Bone,2,580,580,0.7327586206896551,0.7275081858182569
Neutral_Bone,3,NonNative_InEar|Neutral_InEar|NonNative_Bone,3,580,580,0.7724137931034483,0.7668046504926762
Neutral_Bone,3,NonNative_InEar|Neutral_InEar|NonNative_Bone,4,580,580,0.7689655172413793,0.7613119977210453
Neutral_Bone,3,NonNative_InEar|Neutral_InEar|NonNative_Bone,5,580,580,0.7396551724137931,0.73012079365172
Neutral_Bone,3,NonNative_InEar|Neutral_InEar|NonNative_Bone,6,580,580,0.7275862068965517,0.7158305778991931
Neutral_Bone,3,NonNative_InEar|Neutral_InEar|NonNative_Bone,7,580,580,0.7344827586206897,0.7274322843580967
Neutral_Bone,3,NonNative_InEar|Neutral_InEar|NonNative_Bone,8,580,580,0.7379310344827587,0.7200044033671069
Neutral_Bone,3,NonNative_InEar|Neutral_InEar|NonNative_Bone,9,580,580,0.7689655172413793,0.7617411241614526
Neutral_Bone,3,NonNative_InEar|Neutral_InEar|NonNative_Bone,10,580,580,0.7413793103448276,0.7362857278003322
Neutral_Bone,3,NonNative_InEar|Native_Bone|NonNative_Bone,1,580,580,0.7293103448275862,0.7256648253639677
Neutral_Bone,3,NonNative_InEar|Native_Bone|NonNative_Bone,2,580,580,0.7396551724137931,0.7288384995235635
Neutral_Bone,3,NonNative_InEar|Native_Bone|NonNative_Bone,3,580,580,0.7155172413793104,0.7027895199799208
Neutral_Bone,3,NonNative_InEar|Native_Bone|NonNative_Bone,4,580,580,0.7482758620689656,0.7360149133502789
Neutral_Bone,3,NonNative_InEar|Native_Bone|NonNative_Bone,5,580,580,0.743103448275862,0.7356092055455107
Neutral_Bone,3,NonNative_InEar|Native_Bone|NonNative_Bone,6,580,580,0.7224137931034482,0.7113440666491166
Neutral_Bone,3,NonNative_InEar|Native_Bone|NonNative_Bone,7,580,580,0.7620689655172413,0.7508523908501263
Neutral_Bone,3,NonNative_InEar|Native_Bone|NonNative_Bone,8,580,580,0.7344827586206897,0.7235643743113764
Neutral_Bone,3,NonNative_InEar|Native_Bone|NonNative_Bone,9,580,580,0.7379310344827587,0.7312671859793818
Neutral_Bone,3,NonNative_InEar|Native_Bone|NonNative_Bone,10,580,580,0.7172413793103448,0.7070567847085727
Neutral_Bone,3,Neutral_InEar|Native_Bone|NonNative_Bone,1,580,580,0.7620689655172413,0.7522846450098457
Neutral_Bone,3,Neutral_InEar|Native_Bone|NonNative_Bone,2,580,580,0.7672413793103449,0.7546229170324418
Neutral_Bone,3,Neutral_InEar|Native_Bone|NonNative_Bone,3,580,580,0.7517241379310344,0.7450483457747746
Neutral_Bone,3,Neutral_InEar|Native_Bone|NonNative_Bone,4,580,580,0.753448275862069,0.738415926193924
Neutral_Bone,3,Neutral_InEar|Native_Bone|NonNative_Bone,5,580,580,0.7413793103448276,0.727992208116427
Neutral_Bone,3,Neutral_InEar|Native_Bone|NonNative_Bone,6,580,580,0.756896551724138,0.7437040048712034
Neutral_Bone,3,Neutral_InEar|Native_Bone|NonNative_Bone,7,580,580,0.753448275862069,0.7416694507977546
Neutral_Bone,3,Neutral_InEar|Native_Bone|NonNative_Bone,8,580,580,0.7551724137931034,0.7457994565342916
Neutral_Bone,3,Neutral_InEar|Native_Bone|NonNative_Bone,9,580,580,0.7517241379310344,0.7459712684650474
Neutral_Bone,3,Neutral_InEar|Native_Bone|NonNative_Bone,10,580,580,0.746551724137931,0.7359839163007269
Neutral_Bone,5,Native_InEar|NonNative_InEar|Neutral_InEar|Native_Bone|NonNative_Bone,1,580,580,0.743103448275862,0.730791127148936
Neutral_Bone,5,Native_InEar|NonNative_InEar|Neutral_InEar|Native_Bone|NonNative_Bone,2,580,580,0.7344827586206897,0.7273844886585303
Neutral_Bone,5,Native_InEar|NonNative_InEar|Neutral_InEar|Native_Bone|NonNative_Bone,3,580,580,0.7241379310344828,0.7119860860637666
Neutral_Bone,5,Native_InEar|NonNative_InEar|Neutral_InEar|Native_Bone|NonNative_Bone,4,580,580,0.746551724137931,0.7349264890867323
Neutral_Bone,5,Native_InEar|NonNative_InEar|Neutral_InEar|Native_Bone|NonNative_Bone,5,580,580,0.7637931034482759,0.7570448324149077
Neutral_Bone,5,Native_InEar|NonNative_InEar|Neutral_InEar|Native_Bone|NonNative_Bone,6,580,580,0.7517241379310344,0.7431255603478804
Neutral_Bone,5,Native_InEar|NonNative_InEar|Neutral_InEar|Native_Bone|NonNative_Bone,7,580,580,0.7379310344827587,0.7323879128662185
Neutral_Bone,5,Native_InEar|NonNative_InEar|Neutral_InEar|Native_Bone|NonNative_Bone,8,580,580,0.7586206896551724,0.7402247811913651
Neutral_Bone,5,Native_InEar|NonNative_InEar|Neutral_InEar|Native_Bone|NonNative_Bone,9,580,580,0.7362068965517241,0.7294865490817846
Neutral_Bone,5,Native_InEar|NonNative_InEar|Neutral_InEar|Native_Bone|NonNative_Bone,10,580,580,0.7655172413793103,0.7604320669718447
